Table 1
,,,,,,
,Scientific name,English name,Family,Global IUCN Red List Category,,
,Nothura minor,Lesser Nothura,Tinamidae (Tinamous),VU,,
,Taoniscus nanus,Dwarf Tinamou,Tinamidae (Tinamous),EN,,
,Casuarius casuarius,Southern Cassowary,"Casuariidae (Cassowaries, Emus)",LC,,
,Casuarius bennetti,Dwarf Cassowary,"Casuariidae (Cassowaries, Emus)",LC,,
,Apteryx haastii,Great Spotted Kiwi,Apterygidae (Kiwis),VU,,
,Apteryx owenii,Little Spotted Kiwi,Apterygidae (Kiwis),NT,,
,Apteryx mantelli,North Island Brown Kiwi,Apterygidae (Kiwis),VU,,
,Apteryx australis,Southern Brown Kiwi,Apterygidae (Kiwis),VU,,
,Apteryx rowi,Okarito Kiwi,Apterygidae (Kiwis),VU,,
,Aepypodius bruijnii,Waigeo Brush-turkey,Megapodiidae (Megapodes),EN,,
,Leipoa ocellata,Malleefowl,Megapodiidae (Megapodes),VU,,
,Eulipoa wallacei,Moluccan Scrubfowl,Megapodiidae (Megapodes),VU,,
,Megapodius nicobariensis,Nicobar Scrubfowl,Megapodiidae (Megapodes),VU,,
,Megapodius bernsteinii,Sula Scrubfowl,Megapodiidae (Megapodes),VU,,
,Megapodius tenimberensis,Tanimbar Scrubfowl,Megapodiidae (Megapodes),VU,,
,Megapodius laperouse,Micronesian Scrubfowl,Megapodiidae (Megapodes),EN,,
,Megapodius pritchardii,Tongan Scrubfowl,Megapodiidae (Megapodes),VU,,
,Megapodius geelvinkianus,Biak Scrubfowl,Megapodiidae (Megapodes),VU,,
,Oreophasis derbianus,Horned Guan,"Cracidae (Guans, Chachalacas, Curassows)",EN,,
,Crax rubra,Great Curassow,"Cracidae (Guans, Chachalacas, Curassows)",VU,,
,Agelastes meleagrides,White-breasted Guineafowl,Numididae (Guineafowl),VU,,
,Ptilopachus nahani,Nahan's Partridge,Odontophoridae (New World quails),VU,,
,Odontophorus hyperythrus,Chestnut Wood-quail,Odontophoridae (New World quails),LC,,
,Odontophorus strophium,Gorgeted Wood-quail,Odontophoridae (New World quails),VU,,
,Xenoperdix udzungwensis,Udzungwa Forest-partridge,"Phasianidae (Pheasants, Partridges, Turkeys, Grouse)",EN,,
,Coturnix novaezelandiae,New Zealand Quail,"Phasianidae (Pheasants, Partridges, Turkeys, Grouse)",EX,,
,Alectoris graeca,Rock Partridge,"Phasianidae (Pheasants, Partridges, Turkeys, Grouse)",NT,,
,Alectoris rufa,Red-legged Partridge,"Phasianidae (Pheasants, Partridges, Turkeys, Grouse)",NT,,
,Gallus gallus,Red Junglefowl,"Phasianidae (Pheasants, Partridges, Turkeys, Grouse)",LC,,
,Tragopan caboti,Cabot's Tragopan,"Phasianidae (Pheasants, Partridges, Turkeys, Grouse)",VU,,
,Syrmaticus mikado,Mikado Pheasant,"Phasianidae (Pheasants, Partridges, Turkeys, Grouse)",NT,,
,Syrmaticus soemmerringii,Copper Pheasant,"Phasianidae (Pheasants, Partridges, Turkeys, Grouse)",NT,,
,Meleagris ocellata,Ocellated Turkey,"Phasianidae (Pheasants, Partridges, Turkeys, Grouse)",NT,,
,Centrocercus urophasianus,Sage Grouse,"Phasianidae (Pheasants, Partridges, Turkeys, Grouse)",NT,,
,Tympanuchus cupido,Greater Prairie-chicken,"Phasianidae (Pheasants, Partridges, Turkeys, Grouse)",NT,,
,Dendrocygna arborea,West Indian Whistling-duck,"Anatidae (Ducks, Geese, Swans)",NT,,
,Dendrocygna bicolor,Fulvous Whistling-duck,"Anatidae (Ducks, Geese, Swans)",LC,,
,Oxyura australis,Blue-billed Duck,"Anatidae (Ducks, Geese, Swans)",NT,,
,Oxyura maccoa,Maccoa Duck,"Anatidae (Ducks, Geese, Swans)",VU,,
,Oxyura leucocephala,White-headed Duck,"Anatidae (Ducks, Geese, Swans)",EN,,
,Branta sandvicensis,Hawaiian Goose,"Anatidae (Ducks, Geese, Swans)",VU,,
,Anser cygnoid,Swan Goose,"Anatidae (Ducks, Geese, Swans)",VU,,
,Anser erythropus,Lesser White-fronted Goose,"Anatidae (Ducks, Geese, Swans)",VU,,
,Clangula hyemalis,Long-tailed Duck,"Anatidae (Ducks, Geese, Swans)",VU,,
,Somateria fischeri,Spectacled Eider,"Anatidae (Ducks, Geese, Swans)",NT,,
,Somateria mollissima,Common Eider,"Anatidae (Ducks, Geese, Swans)",NT,,
,Polysticta stelleri,Steller's Eider,"Anatidae (Ducks, Geese, Swans)",VU,,
,Melanitta fusca,Velvet Scoter,"Anatidae (Ducks, Geese, Swans)",VU,,
,Melanitta stejnegeri,Siberian Scoter,"Anatidae (Ducks, Geese, Swans)",LC,,
,Melanitta nigra,Common Scoter,"Anatidae (Ducks, Geese, Swans)",LC,,
,Melanitta americana,Black Scoter,"Anatidae (Ducks, Geese, Swans)",NT,,
,Bucephala clangula,Common Goldeneye,"Anatidae (Ducks, Geese, Swans)",LC,,
,Bucephala islandica,Barrow's Goldeneye,"Anatidae (Ducks, Geese, Swans)",LC,,
,Mergus australis,Auckland Merganser,"Anatidae (Ducks, Geese, Swans)",EX,,
,Tadorna ferruginea,Ruddy Shelduck,"Anatidae (Ducks, Geese, Swans)",LC,,
,Tadorna cana,South African Shelduck,"Anatidae (Ducks, Geese, Swans)",LC,,
,Sarkidiornis sylvicola,American Comb Duck,"Anatidae (Ducks, Geese, Swans)",LC,,
,Sarkidiornis melanotos,African Comb Duck,"Anatidae (Ducks, Geese, Swans)",LC,,
,Chenonetta finschi,Finsch's Duck,"Anatidae (Ducks, Geese, Swans)",EX,,
,Hymenolaimus malacorhynchos,Blue Duck,"Anatidae (Ducks, Geese, Swans)",EN,,
,Netta erythrophthalma,Southern Pochard,"Anatidae (Ducks, Geese, Swans)",LC,,
,Aythya ferina,Common Pochard,"Anatidae (Ducks, Geese, Swans)",VU,,
,Aythya innotata,Madagascar Pochard,"Anatidae (Ducks, Geese, Swans)",CR,,
,Aythya baeri,Baer's Pochard,"Anatidae (Ducks, Geese, Swans)",CR,,
,Aythya nyroca,Ferruginous Duck,"Anatidae (Ducks, Geese, Swans)",NT,,
,Rhodonessa caryophyllacea,Pink-headed Duck,"Anatidae (Ducks, Geese, Swans)",CR,,
,Salvadorina waigiuensis,Salvadori's Teal,"Anatidae (Ducks, Geese, Swans)",VU,,
,Tachyeres leucocephalus,White-headed Steamerduck,"Anatidae (Ducks, Geese, Swans)",VU,,
,Speculanas specularis,Spectacled Duck,"Anatidae (Ducks, Geese, Swans)",NT,,
,Spatula querquedula,Garganey,"Anatidae (Ducks, Geese, Swans)",LC,,
,Spatula smithii,Cape Shoveler,"Anatidae (Ducks, Geese, Swans)",LC,,
,Spatula clypeata,Northern Shoveler,"Anatidae (Ducks, Geese, Swans)",LC,,
,Sibirionetta formosa,Baikal Teal,"Anatidae (Ducks, Geese, Swans)",LC,,
,Mareca penelope,Eurasian Wigeon,"Anatidae (Ducks, Geese, Swans)",LC,,
,Anas sparsa,African Black Duck,"Anatidae (Ducks, Geese, Swans)",LC,,
,Anas undulata,Yellow-billed Duck,"Anatidae (Ducks, Geese, Swans)",LC,,
,Anas melleri,Meller's Duck,"Anatidae (Ducks, Geese, Swans)",EN,,
,Anas laysanensis,Laysan Duck,"Anatidae (Ducks, Geese, Swans)",CR,,
,Anas wyvilliana,Hawaiian Duck,"Anatidae (Ducks, Geese, Swans)",EN,,
,Anas chlorotis,Brown Teal,"Anatidae (Ducks, Geese, Swans)",NT,,
,Anas aucklandica,Auckland Teal,"Anatidae (Ducks, Geese, Swans)",VU,,
,Anas nesiotis,Campbell Teal,"Anatidae (Ducks, Geese, Swans)",VU,,
,Anas bernieri,Madagascar Teal,"Anatidae (Ducks, Geese, Swans)",EN,,
,Anas capensis,Cape Teal,"Anatidae (Ducks, Geese, Swans)",LC,,
,Anas erythrorhyncha,Red-billed Teal,"Anatidae (Ducks, Geese, Swans)",LC,,
,Anas eatoni,Southern Pintail,"Anatidae (Ducks, Geese, Swans)",VU,,
,Tachybaptus pelzelnii,Madagascar Grebe,Podicipedidae (Grebes),EN,,
,Tachybaptus rufolavatus,Alaotra Grebe,Podicipedidae (Grebes),EX,,
,Podilymbus gigas,Atitlan Grebe,Podicipedidae (Grebes),EX,,
,Rollandia microptera,Titicaca Grebe,Podicipedidae (Grebes),EN,,
,Poliocephalus rufopectus,New Zealand Grebe,Podicipedidae (Grebes),NT,,
,Podiceps grisegena,Red-necked Grebe,Podicipedidae (Grebes),LC,,
,Podiceps cristatus,Great Crested Grebe,Podicipedidae (Grebes),LC,,
,Podiceps auritus,Horned Grebe,Podicipedidae (Grebes),VU,,
,Podiceps andinus,Colombian Grebe,Podicipedidae (Grebes),EX,,
,Podiceps juninensis,Northern Silvery Grebe,Podicipedidae (Grebes),NT,,
,Podiceps taczanowskii,Junin Grebe,Podicipedidae (Grebes),EN,,
,Podiceps gallardoi,Hooded Grebe,Podicipedidae (Grebes),CR,,
,Phaethon aethereus,Red-billed Tropicbird,Phaethontidae (Tropicbirds),LC,,
,Phaethon rubricauda,Red-tailed Tropicbird,Phaethontidae (Tropicbirds),LC,,
,Rhynochetos jubatus,Kagu,Rhynochetidae (Kagu),EN,,
,Mesitornis unicolor,Brown Mesite,Mesitornithidae (Mesites),VU,,
,Monias benschi,Subdesert Mesite,Mesitornithidae (Mesites),VU,,
,Columba oliviae,Somali Pigeon,"Columbidae (Pigeons, Doves)",DD,,
,Columba trocaz,Madeira Laurel-pigeon,"Columbidae (Pigeons, Doves)",LC,,
,Columba bollii,Dark-tailed Laurel-pigeon,"Columbidae (Pigeons, Doves)",LC,,
,Columba junoniae,White-tailed Laurel-pigeon,"Columbidae (Pigeons, Doves)",NT,,
,Columba pollenii,Comoro Olive-pigeon,"Columbidae (Pigeons, Doves)",NT,,
,Columba argentina,Silvery Pigeon,"Columbidae (Pigeons, Doves)",CR,,
,Columba versicolor,Bonin Woodpigeon,"Columbidae (Pigeons, Doves)",EX,,
,Columba jouyi,Ryukyu Woodpigeon,"Columbidae (Pigeons, Doves)",EX,,
,Columba thiriouxi,Mauritius Woodpigeon,"Columbidae (Pigeons, Doves)",EX,,
,Streptopelia turtur,European Turtle-dove,"Columbidae (Pigeons, Doves)",VU,,
,Streptopelia dusumieri,Philippine Collared-dove,"Columbidae (Pigeons, Doves)",VU,,
,Nesoenas mayeri,Pink Pigeon,"Columbidae (Pigeons, Doves)",VU,,
,Nesoenas duboisi,Reunion Pigeon,"Columbidae (Pigeons, Doves)",EX,,
,Nesoenas cicur,Mauritius Turtle-dove,"Columbidae (Pigeons, Doves)",EX,,
,Nesoenas rodericanus,Rodrigues Turtle-dove,"Columbidae (Pigeons, Doves)",EX,,
,Ectopistes migratorius,Passenger Pigeon,"Columbidae (Pigeons, Doves)",EX,,
,Patagioenas inornata,Plain Pigeon,"Columbidae (Pigeons, Doves)",NT,,
,Geotrygon caniceps,Grey-headed Quail-dove,"Columbidae (Pigeons, Doves)",VU,,
,Geotrygon leucometopia,White-fronted Quail-dove,"Columbidae (Pigeons, Doves)",EN,,
,Leptotila wellsi,Grenada Dove,"Columbidae (Pigeons, Doves)",CR,,
,Zenaida galapagoensis,Galapagos Dove,"Columbidae (Pigeons, Doves)",NT,,
,Zenaida graysoni,Socorro Dove,"Columbidae (Pigeons, Doves)",EW,,
,Columbina cyanopis,Blue-eyed Ground-dove,"Columbidae (Pigeons, Doves)",CR,,
,Starnoenas cyanocephala,Blue-headed Quail-dove,"Columbidae (Pigeons, Doves)",EN,,
,Henicophaps foersteri,New Britain Bronzewing,"Columbidae (Pigeons, Doves)",VU,,
,Gallicolumba keayi,Negros Bleeding-heart,"Columbidae (Pigeons, Doves)",CR,,
,Alopecoenas kubaryi,Caroline Ground-dove,"Columbidae (Pigeons, Doves)",EN,,
,Alopecoenas xanthonurus,White-throated Ground-dove,"Columbidae (Pigeons, Doves)",NT,,
,Alopecoenas erythropterus,Polynesian Ground-dove,"Columbidae (Pigeons, Doves)",CR,,
,Alopecoenas rubescens,Marquesas Ground-dove,"Columbidae (Pigeons, Doves)",EN,,
,Alopecoenas canifrons,Palau Ground-dove,"Columbidae (Pigeons, Doves)",EN,,
,Alopecoenas sanctaecrucis,Santa Cruz Ground-dove,"Columbidae (Pigeons, Doves)",EN,,
,Alopecoenas stairi,Shy Ground-dove,"Columbidae (Pigeons, Doves)",VU,,
,Alopecoenas salamonis,Thick-billed Ground-dove,"Columbidae (Pigeons, Doves)",EX,,
,Geophaps smithii,Partridge Pigeon,"Columbidae (Pigeons, Doves)",VU,,
,Microgoura meeki,Choiseul Pigeon,"Columbidae (Pigeons, Doves)",EX,,
,Caloenas nicobarica,Nicobar Pigeon,"Columbidae (Pigeons, Doves)",NT,,
,Raphus cucullatus,Dodo,"Columbidae (Pigeons, Doves)",EX,,
,Pezophaps solitaria,Rodrigues Solitaire,"Columbidae (Pigeons, Doves)",EX,,
,Didunculus strigirostris,Tooth-billed Pigeon,"Columbidae (Pigeons, Doves)",CR,,
,Treron griveaudi,Comoro Green-pigeon,"Columbidae (Pigeons, Doves)",EN,,
,Treron pembaensis,Pemba Green-pigeon,"Columbidae (Pigeons, Doves)",VU,,
,Ducula aurorae,Polynesian Imperial-pigeon,"Columbidae (Pigeons, Doves)",EN,,
,Ducula galeata,Nukuhiva Imperial-pigeon,"Columbidae (Pigeons, Doves)",EN,,
,Ducula whartoni,Christmas Imperial-pigeon,"Columbidae (Pigeons, Doves)",NT,,
,Ducula pickeringii,Grey Imperial-pigeon,"Columbidae (Pigeons, Doves)",VU,,
,Alectroenas payandeei,Rodrigues Blue-pigeon,"Columbidae (Pigeons, Doves)",EX,,
,Ptilinopus mercierii,Red-moustached Fruit-dove,"Columbidae (Pigeons, Doves)",EX,,
,Ptilinopus roseicapilla,Mariana Fruit-dove,"Columbidae (Pigeons, Doves)",EN,,
,Ptilinopus huttoni,Rapa Fruit-dove,"Columbidae (Pigeons, Doves)",CR,,
,Ptilinopus insularis,Henderson Fruit-dove,"Columbidae (Pigeons, Doves)",VU,,
,Ptilinopus chalcurus,Makatea Fruit-dove,"Columbidae (Pigeons, Doves)",VU,,
,Ptilinopus coralensis,Atoll Fruit-dove,"Columbidae (Pigeons, Doves)",NT,,
,Ptilinopus chrysogaster,Raiatea Fruit-dove,"Columbidae (Pigeons, Doves)",EN,,
,Ptilinopus rarotongensis,Rarotonga Fruit-dove,"Columbidae (Pigeons, Doves)",VU,,
,Hemiphaga novaeseelandiae,New Zealand Pigeon,"Columbidae (Pigeons, Doves)",NT,,
,Hemiphaga chathamensis,Chatham Pigeon,"Columbidae (Pigeons, Doves)",VU,,
,Eurostopodus nigripennis,Solomons Nightjar,Caprimulgidae (Nightjars),VU,,
,Eurostopodus exul,New Caledonian Nightjar,Caprimulgidae (Nightjars),CR (PE),,
,Eleothreptus candicans,White-winged Nightjar,Caprimulgidae (Nightjars),VU,,
,Siphonorhis americana,Jamaican Poorwill,Caprimulgidae (Nightjars),CR (PE),,
,Siphonorhis brewsteri,Least Poorwill,Caprimulgidae (Nightjars),NT,,
,Antrostomus noctitherus,Puerto Rican Nightjar,Caprimulgidae (Nightjars),EN,,
,Caprimulgus phalaena,Palau Nightjar,Caprimulgidae (Nightjars),NT,,
,Aegotheles savesi,New Caledonian Owlet-nightjar,Aegothelidae (Owlet-nightjars),CR,,
,Aegotheles wallacii,Wallace's Owlet-nightjar,Aegothelidae (Owlet-nightjars),LC,,
,Aerodramus sawtelli,Atiu Swiftlet,Apodidae (Swifts),VU,,
,Aerodramus bartschi,Mariana Swiftlet,Apodidae (Swifts),EN,,
,Aerodramus elaphrus,Seychelles Swiftlet,Apodidae (Swifts),VU,,
,Sephanoides fernandensis,Juan Fernandez Firecrown,Trochilidae (Hummingbirds),CR,,
,Chlorostilbon elegans,Caribbean Emerald,Trochilidae (Hummingbirds),EX,,
,Cynanthus lawrencei,Tres Marias Hummingbird,Trochilidae (Hummingbirds),NT,,
,Eupherusa poliocerca,White-tailed Hummingbird,Trochilidae (Hummingbirds),VU,,
,Eulidia yarrellii,Chilean Woodstar,Trochilidae (Hummingbirds),CR,,
,Chaetocercus berlepschi,Esmeraldas Woodstar,Trochilidae (Hummingbirds),VU,,
,Coua delalandei,Snail-eating Coua,Cuculidae (Cuckoos),EX,,
,Centropus chlororhynchos,Green-billed Coucal,Cuculidae (Cuckoos),VU,,
,Coccyzus ferrugineus,Cocos Cuckoo,Cuculidae (Cuckoos),VU,,
,Coccyzus bahamensis,Bahama Lizard-cuckoo,Cuculidae (Cuckoos),NT,,
,Sarothrura elegans,Buff-spotted Flufftail,"Rallidae (Rails, Gallinules, Coots)",LC,,
,Rallicula leucospila,White-striped Forest-rail,"Rallidae (Rails, Gallinules, Coots)",NT,,
,Rallina canningi,Andaman Crake,"Rallidae (Rails, Gallinules, Coots)",LC,,
,Laterallus tuerosi,Junin Rail,"Rallidae (Rails, Gallinules, Coots)",EN,,
,Laterallus spilonota,Galapagos Rail,"Rallidae (Rails, Gallinules, Coots)",VU,,
,Laterallus rogersi,Inaccessible Rail,"Rallidae (Rails, Gallinules, Coots)",VU,,
,Rallus obsoletus,Ridgway's Rail,"Rallidae (Rails, Gallinules, Coots)",NT,,
,Rallus semiplumbeus,Bogota Rail,"Rallidae (Rails, Gallinules, Coots)",EN,,
,Aramidopsis plateni,Snoring Rail,"Rallidae (Rails, Gallinules, Coots)",VU,,
,Lewinia muelleri,Auckland Rail,"Rallidae (Rails, Gallinules, Coots)",VU,,
,Habroptila wallacii,Drummer Rail,"Rallidae (Rails, Gallinules, Coots)",VU,,
,Gallirallus calayanensis,Calayan Rail,"Rallidae (Rails, Gallinules, Coots)",VU,,
,Gallirallus lafresnayanus,New Caledonian Rail,"Rallidae (Rails, Gallinules, Coots)",CR,,
,Gallirallus australis,Weka,"Rallidae (Rails, Gallinules, Coots)",VU,,
,Cabalus modestus,Chatham Rail,"Rallidae (Rails, Gallinules, Coots)",EX,,
,Hypotaenidia okinawae,Okinawa Rail,"Rallidae (Rails, Gallinules, Coots)",EN,,
,Hypotaenidia poeciloptera,Bar-winged Rail,"Rallidae (Rails, Gallinules, Coots)",EX,,
,Hypotaenidia tertia,Bougainville Rail,"Rallidae (Rails, Gallinules, Coots)",NT,,
,Hypotaenidia immaculata,Santa Isabel Rail,"Rallidae (Rails, Gallinules, Coots)",NT,,
,Hypotaenidia woodfordi,Guadalcanal Rail,"Rallidae (Rails, Gallinules, Coots)",NT,,
,Hypotaenidia rovianae,Roviana Rail,"Rallidae (Rails, Gallinules, Coots)",NT,,
,Hypotaenidia owstoni,Guam Rail,"Rallidae (Rails, Gallinules, Coots)",CR,,
,Hypotaenidia dieffenbachii,Dieffenbach's Rail,"Rallidae (Rails, Gallinules, Coots)",EX,,
,Hypotaenidia sylvestris,Lord Howe Woodhen,"Rallidae (Rails, Gallinules, Coots)",EN,,
,Hypotaenidia pacifica,Tahiti Rail,"Rallidae (Rails, Gallinules, Coots)",EX,,
,Dryolimnas augusti,Reunion Rail,"Rallidae (Rails, Gallinules, Coots)",EX,,
,Crex crex,Corncrake,"Rallidae (Rails, Gallinules, Coots)",LC,,
,Mundia elpenor,Ascension Crake,"Rallidae (Rails, Gallinules, Coots)",EX,,
,Cyanolimnas cerverai,Zapata Rail,"Rallidae (Rails, Gallinules, Coots)",CR,,
,Gymnocrex rosenbergii,Blue-faced Rail,"Rallidae (Rails, Gallinules, Coots)",VU,,
,Gymnocrex talaudensis,Talaud Rail,"Rallidae (Rails, Gallinules, Coots)",EN,,
,Zapornia astrictocarpus,St Helena Rail,"Rallidae (Rails, Gallinules, Coots)",EX,,
,Zapornia palmeri,Laysan Rail,"Rallidae (Rails, Gallinules, Coots)",EX,,
,Zapornia olivieri,Sakalava Rail,"Rallidae (Rails, Gallinules, Coots)",EN,,
,Zapornia sandwichensis,Hawaiian Rail,"Rallidae (Rails, Gallinules, Coots)",EX,,
,Zapornia nigra,Miller's Rail,"Rallidae (Rails, Gallinules, Coots)",EX,,
,Zapornia atra,Henderson Crake,"Rallidae (Rails, Gallinules, Coots)",VU,,
,Zapornia monasa,Kosrae Crake,"Rallidae (Rails, Gallinules, Coots)",EX,,
,Amaurornis magnirostris,Talaud Bush-hen,"Rallidae (Rails, Gallinules, Coots)",VU,,
,Megacrex inepta,New Guinea Flightless Rail,"Rallidae (Rails, Gallinules, Coots)",LC,,
,Porphyrio paepae,Marquesan Swamphen,"Rallidae (Rails, Gallinules, Coots)",EX,,
,Porphyrio kukwiedei,New Caledonia Gallinule,"Rallidae (Rails, Gallinules, Coots)",EX,,
,Porphyrio hochstetteri,South Island Takahe,"Rallidae (Rails, Gallinules, Coots)",EN,,
,Pareudiastes silvestris,Makira Moorhen,"Rallidae (Rails, Gallinules, Coots)",CR,,
,Pareudiastes pacificus,Samoan Moorhen,"Rallidae (Rails, Gallinules, Coots)",CR,,
,Gallinula nesiotis,Tristan Moorhen,"Rallidae (Rails, Gallinules, Coots)",EX,,
,Gallinula comeri,Gough Moorhen,"Rallidae (Rails, Gallinules, Coots)",VU,,
,Tribonyx hodgenorum,Hodgen's Waterhen,"Rallidae (Rails, Gallinules, Coots)",EX,,
,Fulica cristata,Red-knobbed Coot,"Rallidae (Rails, Gallinules, Coots)",LC,,
,Fulica atra,Common Coot,"Rallidae (Rails, Gallinules, Coots)",LC,,
,Fulica alai,Hawaiian Coot,"Rallidae (Rails, Gallinules, Coots)",VU,,
,Fulica cornuta,Horned Coot,"Rallidae (Rails, Gallinules, Coots)",NT,,
,Grus vipio,White-naped Crane,Gruidae (Cranes),VU,,
,Grus antigone,Sarus Crane,Gruidae (Cranes),VU,,
,Bugeranus carunculatus,Wattled Crane,Gruidae (Cranes),VU,,
,Anthropoides paradiseus,Blue Crane,Gruidae (Cranes),VU,,
,Grus americana,Whooping Crane,Gruidae (Cranes),EN,,
,Grus monacha,Hooded Crane,Gruidae (Cranes),VU,,
,Grus nigricollis,Black-necked Crane,Gruidae (Cranes),NT,,
,Tetrax tetrax,Little Bustard,Otididae (Bustards),NT,,
,Chlamydotis undulata,African Houbara,Otididae (Bustards),VU,,
,Chlamydotis macqueenii,Asian Houbara,Otididae (Bustards),VU,,
,Ardeotis nigriceps,Great Indian Bustard,Otididae (Bustards),CR,,
,Ardeotis australis,Australian Bustard,Otididae (Bustards),LC,,
,Sypheotides indicus,Lesser Florican,Otididae (Bustards),EN,,
,Afrotis afra,Southern Black Bustard,Otididae (Bustards),VU,,
,Tauraco ruspolii,Ruspoli's Turaco,Musophagidae (Turacos),VU,,
,Aptenodytes patagonicus,King Penguin,Spheniscidae (Penguins),LC,,
,Pygoscelis papua,Gentoo Penguin,Spheniscidae (Penguins),LC,,
,Eudyptes schlegeli,Royal Penguin,Spheniscidae (Penguins),NT,,
,Eudyptes chrysolophus,Macaroni Penguin,Spheniscidae (Penguins),VU,,
,Eudyptes moseleyi,Northern Rockhopper Penguin,Spheniscidae (Penguins),EN,,
,Eudyptes chrysocome,Southern Rockhopper Penguin,Spheniscidae (Penguins),VU,,
,Eudyptes pachyrhynchus,Fiordland Penguin,Spheniscidae (Penguins),NT,,
,Eudyptes robustus,Snares Penguin,Spheniscidae (Penguins),VU,,
,Megadyptes antipodes,Yellow-eyed Penguin,Spheniscidae (Penguins),EN,,
,Eudyptula minor,Little Penguin,Spheniscidae (Penguins),LC,,
,Spheniscus demersus,African Penguin,Spheniscidae (Penguins),EN,,
,Spheniscus magellanicus,Magellanic Penguin,Spheniscidae (Penguins),LC,,
,Spheniscus humboldti,Humboldt Penguin,Spheniscidae (Penguins),VU,,
,Spheniscus mendiculus,Galapagos Penguin,Spheniscidae (Penguins),EN,,
,Oceanites oceanicus,Wilson's Storm-petrel,Oceanitidae (Southern Storm-petrels),LC,,
,Oceanites gracilis,White-vented Storm-petrel,Oceanitidae (Southern Storm-petrels),DD,,
,Garrodia nereis,Grey-backed Storm-petrel,Oceanitidae (Southern Storm-petrels),LC,,
,Pelagodroma marina,White-faced Storm-petrel,Oceanitidae (Southern Storm-petrels),LC,,
,Fregetta maoriana,New Zealand Storm-petrel,Oceanitidae (Southern Storm-petrels),CR,,
,Nesofregetta fuliginosa,Polynesian Storm-petrel,Oceanitidae (Southern Storm-petrels),EN,,
,Hydrobates pelagicus,European Storm-petrel,Hydrobatidae (Northern Storm-petrels),LC,,
,Hydrobates jabejabe,Cape Verde Storm-petrel,Hydrobatidae (Northern Storm-petrels),LC,,
,Hydrobates castro,Band-rumped Storm-petrel,Hydrobatidae (Northern Storm-petrels),LC,,
,Hydrobates monteiroi,Monteiro's Storm-petrel,Hydrobatidae (Northern Storm-petrels),VU,,
,Hydrobates matsudairae,Matsudaira's Storm-petrel,Hydrobatidae (Northern Storm-petrels),VU,,
,Hydrobates melania,Black Storm-petrel,Hydrobatidae (Northern Storm-petrels),LC,,
,Hydrobates homochroa,Ashy Storm-petrel,Hydrobatidae (Northern Storm-petrels),EN,,
,Hydrobates microsoma,Least Storm-petrel,Hydrobatidae (Northern Storm-petrels),LC,,
,Hydrobates tethys,Wedge-rumped Storm-petrel,Hydrobatidae (Northern Storm-petrels),LC,,
,Hydrobates socorroensis,Townsend's Storm-petrel,Hydrobatidae (Northern Storm-petrels),EN,,
,Hydrobates cheimomnestes,Ainley's Storm-petrel,Hydrobatidae (Northern Storm-petrels),VU,,
,Hydrobates leucorhous,Leach's Storm-petrel,Hydrobatidae (Northern Storm-petrels),VU,,
,Hydrobates monorhis,Swinhoe's Storm-petrel,Hydrobatidae (Northern Storm-petrels),NT,,
,Hydrobates macrodactylus,Guadalupe Storm-petrel,Hydrobatidae (Northern Storm-petrels),CR (PE),,
,Hydrobates tristrami,Tristram's Storm-petrel,Hydrobatidae (Northern Storm-petrels),LC,,
,Hydrobates furcatus,Fork-tailed Storm-petrel,Hydrobatidae (Northern Storm-petrels),LC,,
,Diomedea sanfordi,Northern Royal Albatross,Diomedeidae (Albatrosses),EN,,
,Diomedea epomophora,Southern Royal Albatross,Diomedeidae (Albatrosses),VU,,
,Diomedea exulans,Wandering Albatross,Diomedeidae (Albatrosses),VU,,
,Diomedea antipodensis,Antipodean Albatross,Diomedeidae (Albatrosses),EN,,
,Diomedea amsterdamensis,Amsterdam Albatross,Diomedeidae (Albatrosses),EN,,
,Diomedea dabbenena,Tristan Albatross,Diomedeidae (Albatrosses),CR,,
,Phoebetria fusca,Sooty Albatross,Diomedeidae (Albatrosses),EN,,
,Phoebetria palpebrata,Light-mantled Albatross,Diomedeidae (Albatrosses),NT,,
,Phoebastria irrorata,Waved Albatross,Diomedeidae (Albatrosses),CR,,
,Phoebastria immutabilis,Laysan Albatross,Diomedeidae (Albatrosses),NT,,
,Thalassarche chlororhynchos,Atlantic Yellow-nosed Albatross,Diomedeidae (Albatrosses),EN,,
,Thalassarche carteri,Indian Yellow-nosed Albatross,Diomedeidae (Albatrosses),EN,,
,Thalassarche chrysostoma,Grey-headed Albatross,Diomedeidae (Albatrosses),EN,,
,Thalassarche melanophris,Black-browed Albatross,Diomedeidae (Albatrosses),LC,,
,Thalassarche cauta,Shy Albatross,Diomedeidae (Albatrosses),NT,,
,Thalassarche steadi,White-capped Albatross,Diomedeidae (Albatrosses),NT,,
,Fulmarus glacialis,Northern Fulmar,"Procellariidae (Petrels, Shearwaters)",LC,,
,Halobaena caerulea,Blue Petrel,"Procellariidae (Petrels, Shearwaters)",LC,,
,Pachyptila vittata,Broad-billed Prion,"Procellariidae (Petrels, Shearwaters)",LC,,
,Pachyptila salvini,Salvin's Prion,"Procellariidae (Petrels, Shearwaters)",LC,,
,Pachyptila macgillivrayi,MacGillivray's Prion,"Procellariidae (Petrels, Shearwaters)",EN,,
,Pachyptila desolata,Antarctic Prion,"Procellariidae (Petrels, Shearwaters)",LC,,
,Pachyptila belcheri,Slender-billed Prion,"Procellariidae (Petrels, Shearwaters)",LC,,
,Pachyptila turtur,Fairy Prion,"Procellariidae (Petrels, Shearwaters)",LC,,
,Pachyptila crassirostris,Fulmar Prion,"Procellariidae (Petrels, Shearwaters)",LC,,
,Aphrodroma brevirostris,Kerguelen Petrel,"Procellariidae (Petrels, Shearwaters)",LC,,
,Pterodroma rupinarum,Large St Helena Petrel,"Procellariidae (Petrels, Shearwaters)",EX,,
,Pterodroma leucoptera,White-winged Petrel,"Procellariidae (Petrels, Shearwaters)",VU,,
,Pterodroma brevipes,Collared Petrel,"Procellariidae (Petrels, Shearwaters)",VU,,
,Pterodroma defilippiana,Masatierra Petrel,"Procellariidae (Petrels, Shearwaters)",VU,,
,Pterodroma longirostris,Stejneger's Petrel,"Procellariidae (Petrels, Shearwaters)",VU,,
,Pterodroma cookii,Cook's Petrel,"Procellariidae (Petrels, Shearwaters)",VU,,
,Pterodroma pycrofti,Pycroft's Petrel,"Procellariidae (Petrels, Shearwaters)",VU,,
,Pterodroma hypoleuca,Bonin Petrel,"Procellariidae (Petrels, Shearwaters)",LC,,
,Pterodroma nigripennis,Black-winged Petrel,"Procellariidae (Petrels, Shearwaters)",LC,,
,Pterodroma axillaris,Chatham Petrel,"Procellariidae (Petrels, Shearwaters)",VU,,
,Pterodroma ultima,Murphy's Petrel,"Procellariidae (Petrels, Shearwaters)",LC,,
,Pterodroma solandri,Providence Petrel,"Procellariidae (Petrels, Shearwaters)",VU,,
,Pterodroma neglecta,Kermadec Petrel,"Procellariidae (Petrels, Shearwaters)",LC,,
,Pterodroma arminjoniana,Trindade Petrel,"Procellariidae (Petrels, Shearwaters)",VU,,
,Pterodroma heraldica,Herald Petrel,"Procellariidae (Petrels, Shearwaters)",LC,,
,Pterodroma atrata,Henderson Petrel,"Procellariidae (Petrels, Shearwaters)",EN,,
,Pterodroma alba,Phoenix Petrel,"Procellariidae (Petrels, Shearwaters)",EN,,
,Pterodroma baraui,Barau's Petrel,"Procellariidae (Petrels, Shearwaters)",EN,,
,Pterodroma inexpectata,Mottled Petrel,"Procellariidae (Petrels, Shearwaters)",NT,,
,Pterodroma sandwichensis,Hawaiian Petrel,"Procellariidae (Petrels, Shearwaters)",EN,,
,Pterodroma phaeopygia,Galapagos Petrel,"Procellariidae (Petrels, Shearwaters)",CR,,
,Pterodroma cervicalis,White-necked Petrel,"Procellariidae (Petrels, Shearwaters)",VU,,
,Pterodroma externa,Juan Fernandez Petrel,"Procellariidae (Petrels, Shearwaters)",VU,,
,Pterodroma mollis,Soft-plumaged Petrel,"Procellariidae (Petrels, Shearwaters)",LC,,
,Pterodroma cahow,Bermuda Petrel,"Procellariidae (Petrels, Shearwaters)",EN,,
,Pterodroma hasitata,Black-capped Petrel,"Procellariidae (Petrels, Shearwaters)",EN,,
,Pterodroma caribbaea,Jamaican Petrel,"Procellariidae (Petrels, Shearwaters)",CR (PE),,
,Pterodroma feae,Cape Verde Petrel,"Procellariidae (Petrels, Shearwaters)",NT,,
,Pterodroma deserta,Desertas Petrel,"Procellariidae (Petrels, Shearwaters)",VU,,
,Pterodroma madeira,Zino's Petrel,"Procellariidae (Petrels, Shearwaters)",EN,,
,Pterodroma magentae,Magenta Petrel,"Procellariidae (Petrels, Shearwaters)",CR,,
,Pterodroma incerta,Atlantic Petrel,"Procellariidae (Petrels, Shearwaters)",EN,,
,Pterodroma lessonii,White-headed Petrel,"Procellariidae (Petrels, Shearwaters)",LC,,
,Pterodroma macroptera,Great-winged Petrel,"Procellariidae (Petrels, Shearwaters)",LC,,
,Pterodroma gouldi,Grey-faced Petrel,"Procellariidae (Petrels, Shearwaters)",LC,,
,Procellaria cinerea,Grey Petrel,"Procellariidae (Petrels, Shearwaters)",NT,,
,Procellaria aequinoctialis,White-chinned Petrel,"Procellariidae (Petrels, Shearwaters)",VU,,
,Procellaria conspicillata,Spectacled Petrel,"Procellariidae (Petrels, Shearwaters)",VU,,
,Procellaria westlandica,Westland Petrel,"Procellariidae (Petrels, Shearwaters)",EN,,
,Procellaria parkinsoni,Black Petrel,"Procellariidae (Petrels, Shearwaters)",VU,,
,Ardenna pacifica,Wedge-tailed Shearwater,"Procellariidae (Petrels, Shearwaters)",LC,,
,Ardenna bulleri,Buller's Shearwater,"Procellariidae (Petrels, Shearwaters)",VU,,
,Ardenna tenuirostris,Short-tailed Shearwater,"Procellariidae (Petrels, Shearwaters)",LC,,
,Ardenna grisea,Sooty Shearwater,"Procellariidae (Petrels, Shearwaters)",NT,,
,Ardenna carneipes,Flesh-footed Shearwater,"Procellariidae (Petrels, Shearwaters)",NT,,
,Ardenna creatopus,Pink-footed Shearwater,"Procellariidae (Petrels, Shearwaters)",VU,,
,Calonectris leucomelas,Streaked Shearwater,"Procellariidae (Petrels, Shearwaters)",NT,,
,Calonectris diomedea,Scopoli's Shearwater,"Procellariidae (Petrels, Shearwaters)",LC,,
,Calonectris borealis,Cory's Shearwater,"Procellariidae (Petrels, Shearwaters)",LC,,
,Calonectris edwardsii,Cape Verde Shearwater,"Procellariidae (Petrels, Shearwaters)",NT,,
,Puffinus gavia,Fluttering Shearwater,"Procellariidae (Petrels, Shearwaters)",LC,,
,Puffinus huttoni,Hutton's Shearwater,"Procellariidae (Petrels, Shearwaters)",EN,,
,Puffinus opisthomelas,Black-vented Shearwater,"Procellariidae (Petrels, Shearwaters)",NT,,
,Puffinus bryani,Bryan's Shearwater,"Procellariidae (Petrels, Shearwaters)",CR,,
,Puffinus myrtae,Rapa Shearwater,"Procellariidae (Petrels, Shearwaters)",CR,,
,Puffinus newelli,Newell's Shearwater,"Procellariidae (Petrels, Shearwaters)",CR,,
,Puffinus auricularis,Townsend's Shearwater,"Procellariidae (Petrels, Shearwaters)",CR,,
,Puffinus bailloni,Tropical Shearwater,"Procellariidae (Petrels, Shearwaters)",LC,,
,Puffinus bannermani,Bannerman's Shearwater,"Procellariidae (Petrels, Shearwaters)",EN,,
,Puffinus puffinus,Manx Shearwater,"Procellariidae (Petrels, Shearwaters)",LC,,
,Puffinus yelkouan,Yelkouan Shearwater,"Procellariidae (Petrels, Shearwaters)",VU,,
,Puffinus mauretanicus,Balearic Shearwater,"Procellariidae (Petrels, Shearwaters)",CR,,
,Puffinus elegans,Subantarctic Shearwater,"Procellariidae (Petrels, Shearwaters)",LC,,
,Puffinus assimilis,Little Shearwater,"Procellariidae (Petrels, Shearwaters)",LC,,
,Puffinus lherminieri,Audubon's Shearwater,"Procellariidae (Petrels, Shearwaters)",LC,,
,Puffinus heinrothi,Heinroth's Shearwater,"Procellariidae (Petrels, Shearwaters)",VU,,
,Pseudobulweria macgillivrayi,Fiji Petrel,"Procellariidae (Petrels, Shearwaters)",CR,,
,Pseudobulweria aterrima,Mascarene Petrel,"Procellariidae (Petrels, Shearwaters)",CR,,
,Pseudobulweria becki,Beck's Petrel,"Procellariidae (Petrels, Shearwaters)",CR,,
,Pseudobulweria rostrata,Tahiti Petrel,"Procellariidae (Petrels, Shearwaters)",NT,,
,Bulweria bulwerii,Bulwer's Petrel,"Procellariidae (Petrels, Shearwaters)",LC,,
,Bulweria fallax,Jouanin's Petrel,"Procellariidae (Petrels, Shearwaters)",NT,,
,Bulweria bifax,Small St Helena Petrel,"Procellariidae (Petrels, Shearwaters)",EX,,
,Pelecanoides garnotii,Peruvian Diving-petrel,"Procellariidae (Petrels, Shearwaters)",NT,,
,Pelecanoides magellani,Magellanic Diving-petrel,"Procellariidae (Petrels, Shearwaters)",LC,,
,Pelecanoides georgicus,South Georgia Diving-petrel,"Procellariidae (Petrels, Shearwaters)",LC,,
,Pelecanoides whenuahouensis,Whenua Hou Diving-petrel,"Procellariidae (Petrels, Shearwaters)",CR,,
,Pelecanoides urinatrix,Common Diving-petrel,"Procellariidae (Petrels, Shearwaters)",LC,,
,Leptoptilos dubius,Greater Adjutant,Ciconiidae (Storks),EN,,
,Mycteria leucocephala,Painted Stork,Ciconiidae (Storks),NT,,
,Mycteria cinerea,Milky Stork,Ciconiidae (Storks),EN,,
,Threskiornis aethiopicus,African Sacred Ibis,"Threskiornithidae (Ibises, Spoonbills)",LC,,
,Threskiornis bernieri,Madagascar Sacred Ibis,"Threskiornithidae (Ibises, Spoonbills)",EN,,
,Thaumatibis gigantea,Giant Ibis,"Threskiornithidae (Ibises, Spoonbills)",CR,,
,Geronticus eremita,Northern Bald Ibis,"Threskiornithidae (Ibises, Spoonbills)",EN,,
,Geronticus calvus,Southern Bald Ibis,"Threskiornithidae (Ibises, Spoonbills)",VU,,
,Bostrychia bocagei,Dwarf Ibis,"Threskiornithidae (Ibises, Spoonbills)",CR,,
,Gorsachius goisagi,Japanese Night-heron,Ardeidae (Herons),VU,,
,Nyctanassa carcinocatactes,Bermuda Night-heron,Ardeidae (Herons),EX,,
,Ardeola idae,Madagascar Pond-heron,Ardeidae (Herons),EN,,
,Ardea cinerea,Grey Heron,Ardeidae (Herons),LC,,
,Ardea occidentalis,Great White Heron,Ardeidae (Herons),EN,,
,Ardea brachyrhyncha,Yellow-billed Egret,Ardeidae (Herons),LC,,
,Ardea plumifera,Plumed Egret,Ardeidae (Herons),LC,,
,Egretta rufescens,Reddish Egret,Ardeidae (Herons),NT,,
,Egretta vinaceigula,Slaty Egret,Ardeidae (Herons),VU,,
,Balaeniceps rex,Shoebill,Balaenicipitidae (Shoebill),VU,,
,Pelecanus crispus,Dalmatian Pelican,Pelecanidae (Pelicans),NT,,
,Pelecanus philippensis,Spot-billed Pelican,Pelecanidae (Pelicans),NT,,
,Fregata ariel,Lesser Frigatebird,Fregatidae (Frigatebirds),LC,,
,Fregata andrewsi,Christmas Frigatebird,Fregatidae (Frigatebirds),CR,,
,Fregata aquila,Ascension Frigatebird,Fregatidae (Frigatebirds),VU,,
,Papasula abbotti,Abbott's Booby,"Sulidae (Gannets, Boobies)",EN,,
,Morus capensis,Cape Gannet,"Sulidae (Gannets, Boobies)",EN,,
,Sula leucogaster,Brown Booby,"Sulidae (Gannets, Boobies)",LC,,
,Sula dactylatra,Masked Booby,"Sulidae (Gannets, Boobies)",LC,,
,Microcarbo coronatus,Crowned Cormorant,Phalacrocoracidae (Cormorants),NT,,
,Poikilocarbo gaimardi,Red-legged Cormorant,Phalacrocoracidae (Cormorants),NT,,
,Leucocarbo bougainvilliorum,Guanay Cormorant,Phalacrocoracidae (Cormorants),NT,,
,Leucocarbo atriceps,Imperial Shag,Phalacrocoracidae (Cormorants),LC,,
,Leucocarbo onslowi,Chatham Shag,Phalacrocoracidae (Cormorants),CR,,
,Leucocarbo campbelli,Campbell Shag,Phalacrocoracidae (Cormorants),VU,,
,Leucocarbo ranfurlyi,Bounty Shag,Phalacrocoracidae (Cormorants),VU,,
,Leucocarbo colensoi,Auckland Shag,Phalacrocoracidae (Cormorants),VU,,
,Nannopterum harrisi,Flightless Cormorant,Phalacrocoracidae (Cormorants),VU,,
,Urile pelagicus,Pelagic Cormorant,Phalacrocoracidae (Cormorants),LC,,
,Urile urile,Red-faced Cormorant,Phalacrocoracidae (Cormorants),LC,,
,Gulosus aristotelis,European Shag,Phalacrocoracidae (Cormorants),LC,,
,Phalacrocorax capensis,Cape Cormorant,Phalacrocoracidae (Cormorants),EN,,
,Phalacrocorax nigrogularis,Socotra Cormorant,Phalacrocoracidae (Cormorants),VU,,
,Phalacrocorax neglectus,Bank Cormorant,Phalacrocoracidae (Cormorants),EN,,
,Phalacrocorax featherstoni,Pitt Shag,Phalacrocoracidae (Cormorants),EN,,
,Burhinus grallarius,Bush Thick-knee,Burhinidae (Thick-knees),LC,,
,Esacus magnirostris,Beach Thick-knee,Burhinidae (Thick-knees),NT,,
,Pluvianellus socialis,Magellanic Plover,Pluvianellidae (Magellanic Plover),NT,,
,Haematopus meadewaldoi,Canarian Oystercatcher,Haematopodidae (Oystercatchers),EX,,
,Haematopus moquini,African Oystercatcher,Haematopodidae (Oystercatchers),LC,,
,Haematopus ostralegus,Eurasian Oystercatcher,Haematopodidae (Oystercatchers),NT,,
,Haematopus finschi,South Island Oystercatcher,Haematopodidae (Oystercatchers),LC,,
,Haematopus chathamensis,Chatham Oystercatcher,Haematopodidae (Oystercatchers),EN,,
,Himantopus novaezelandiae,Black Stilt,"Recurvirostridae (Avocets, Stilts)",CR,,
,Pluvialis squatarola,Grey Plover,Charadriidae (Plovers),LC,,
,Charadrius aquilonius,Northern Red-breasted Plover,Charadriidae (Plovers),NT,,
,Charadrius obscurus,Southern Red-breasted Plover,Charadriidae (Plovers),CR,,
,Charadrius dubius,Little Ringed Plover,Charadriidae (Plovers),LC,,
,Charadrius melodus,Piping Plover,Charadriidae (Plovers),NT,,
,Charadrius thoracicus,Black-banded Plover,Charadriidae (Plovers),VU,,
,Charadrius pecuarius,Kittlitz's Plover,Charadriidae (Plovers),LC,,
,Charadrius sanctaehelenae,St Helena Plover,Charadriidae (Plovers),VU,,
,Charadrius alexandrinus,Kentish Plover,Charadriidae (Plovers),LC,,
,Charadrius dealbatus,White-faced Plover,Charadriidae (Plovers),DD,,
,Charadrius nivosus,Snowy Plover,Charadriidae (Plovers),NT,,
,Charadrius bicinctus,Double-banded Plover,Charadriidae (Plovers),NT,,
,Charadrius leschenaultii,Greater Sandplover,Charadriidae (Plovers),LC,,
,Charadrius montanus,Mountain Plover,Charadriidae (Plovers),NT,,
,Thinornis cucullatus,Hooded Plover,Charadriidae (Plovers),VU,,
,Thinornis novaeseelandiae,Shore Plover,Charadriidae (Plovers),EN,,
,Vanellus vanellus,Northern Lapwing,Charadriidae (Plovers),NT,,
,Vanellus duvaucelii,River Lapwing,Charadriidae (Plovers),NT,,
,Vanellus albiceps,White-headed Lapwing,Charadriidae (Plovers),LC,,
,Anarhynchus frontalis,Wrybill,Charadriidae (Plovers),VU,,
,Pedionomus torquatus,Plains-wanderer,Pedionomidae (Plains-wanderer),CR,,
,Rostratula australis,Australian Painted-snipe,Rostratulidae (Painted-snipes),EN,,
,Numenius tahitiensis,Bristle-thighed Curlew,"Scolopacidae (Sandpipers, Snipes, Phalaropes)",NT,,
,Numenius arquata,Eurasian Curlew,"Scolopacidae (Sandpipers, Snipes, Phalaropes)",NT,,
,Limosa lapponica,Bar-tailed Godwit,"Scolopacidae (Sandpipers, Snipes, Phalaropes)",NT,,
,Limosa limosa,Black-tailed Godwit,"Scolopacidae (Sandpipers, Snipes, Phalaropes)",NT,,
,Arenaria interpres,Ruddy Turnstone,"Scolopacidae (Sandpipers, Snipes, Phalaropes)",LC,,
,Calidris tenuirostris,Great Knot,"Scolopacidae (Sandpipers, Snipes, Phalaropes)",EN,,
,Calidris canutus,Red Knot,"Scolopacidae (Sandpipers, Snipes, Phalaropes)",NT,,
,Calidris ferruginea,Curlew Sandpiper,"Scolopacidae (Sandpipers, Snipes, Phalaropes)",NT,,
,Calidris temminckii,Temminck's Stint,"Scolopacidae (Sandpipers, Snipes, Phalaropes)",LC,,
,Calidris pygmaea,Spoon-billed Sandpiper,"Scolopacidae (Sandpipers, Snipes, Phalaropes)",CR,,
,Calidris alpina,Dunlin,"Scolopacidae (Sandpipers, Snipes, Phalaropes)",LC,,
,Calidris minuta,Little Stint,"Scolopacidae (Sandpipers, Snipes, Phalaropes)",LC,,
,Calidris pusilla,Semipalmated Sandpiper,"Scolopacidae (Sandpipers, Snipes, Phalaropes)",NT,,
,Prosobonia leucoptera,Tahiti Sandpiper,"Scolopacidae (Sandpipers, Snipes, Phalaropes)",EX,,
,Prosobonia ellisi,Moorea Sandpiper,"Scolopacidae (Sandpipers, Snipes, Phalaropes)",EX,,
,Prosobonia cancellata,Christmas Sandpiper,"Scolopacidae (Sandpipers, Snipes, Phalaropes)",EX,,
,Prosobonia parvirostris,Tuamotu Sandpiper,"Scolopacidae (Sandpipers, Snipes, Phalaropes)",EN,,
,Scolopax mira,Amami Woodcock,"Scolopacidae (Sandpipers, Snipes, Phalaropes)",VU,,
,Scolopax celebensis,Sulawesi Woodcock,"Scolopacidae (Sandpipers, Snipes, Phalaropes)",NT,,
,Coenocorypha pusilla,Chatham Snipe,"Scolopacidae (Sandpipers, Snipes, Phalaropes)",VU,,
,Coenocorypha iredalei,South Island Snipe,"Scolopacidae (Sandpipers, Snipes, Phalaropes)",EX,,
,Coenocorypha huegeli,Snares Island Snipe,"Scolopacidae (Sandpipers, Snipes, Phalaropes)",NT,,
,Coenocorypha aucklandica,Auckland Snipe,"Scolopacidae (Sandpipers, Snipes, Phalaropes)",NT,,
,Coenocorypha barrierensis,North Island Snipe,"Scolopacidae (Sandpipers, Snipes, Phalaropes)",EX,,
,Gallinago nigripennis,African Snipe,"Scolopacidae (Sandpipers, Snipes, Phalaropes)",LC,,
,Tringa ochropus,Green Sandpiper,"Scolopacidae (Sandpipers, Snipes, Phalaropes)",LC,,
,Tringa glareola,Wood Sandpiper,"Scolopacidae (Sandpipers, Snipes, Phalaropes)",LC,,
,Tringa stagnatilis,Marsh Sandpiper,"Scolopacidae (Sandpipers, Snipes, Phalaropes)",LC,,
,Tringa guttifer,Spotted Greenshank,"Scolopacidae (Sandpipers, Snipes, Phalaropes)",EN,,
,Turnix hottentottus,Fynbos Buttonquail,Turnicidae (Buttonquails),EN,,
,Turnix melanogaster,Black-breasted Buttonquail,Turnicidae (Buttonquails),NT,,
,Turnix novaecaledoniae,New Caledonian Buttonquail,Turnicidae (Buttonquails),CR (PE),,
,Turnix olivii,Buff-breasted Buttonquail,Turnicidae (Buttonquails),EN,,
,Turnix castanotus,Chestnut-backed Buttonquail,Turnicidae (Buttonquails),LC,,
,Glareola nordmanni,Black-winged Pratincole,"Glareolidae (Coursers, Pratincoles)",NT,,
,Anous stolidus,Brown Noddy,"Laridae (Gulls, Terns, Skimmers)",LC,,
,Anous minutus,Black Noddy,"Laridae (Gulls, Terns, Skimmers)",LC,,
,Anous albivittus,Grey Noddy,"Laridae (Gulls, Terns, Skimmers)",LC,,
,Gygis alba,Common White Tern,"Laridae (Gulls, Terns, Skimmers)",LC,,
,Gygis microrhyncha,Little White Tern,"Laridae (Gulls, Terns, Skimmers)",LC,,
,Rynchops flavirostris,African Skimmer,"Laridae (Gulls, Terns, Skimmers)",NT,,
,Rynchops albicollis,Indian Skimmer,"Laridae (Gulls, Terns, Skimmers)",EN,,
,Saundersilarus saundersi,Saunders's Gull,"Laridae (Gulls, Terns, Skimmers)",VU,,
,Rissa brevirostris,Red-legged Kittiwake,"Laridae (Gulls, Terns, Skimmers)",VU,,
,Rissa tridactyla,Black-legged Kittiwake,"Laridae (Gulls, Terns, Skimmers)",VU,,
,Larus hartlaubii,Hartlaub's Gull,"Laridae (Gulls, Terns, Skimmers)",LC,,
,Larus novaehollandiae,Silver Gull,"Laridae (Gulls, Terns, Skimmers)",LC,,
,Larus bulleri,Black-billed Gull,"Laridae (Gulls, Terns, Skimmers)",NT,,
,Larus modestus,Grey Gull,"Laridae (Gulls, Terns, Skimmers)",LC,,
,Larus fuliginosus,Lava Gull,"Laridae (Gulls, Terns, Skimmers)",VU,,
,Larus ichthyaetus,Pallas's Gull,"Laridae (Gulls, Terns, Skimmers)",LC,,
,Larus relictus,Relict Gull,"Laridae (Gulls, Terns, Skimmers)",VU,,
,Larus leucophthalmus,White-eyed Gull,"Laridae (Gulls, Terns, Skimmers)",LC,,
,Larus audouinii,Audouin's Gull,"Laridae (Gulls, Terns, Skimmers)",VU,,
,Larus heermanni,Heermann's Gull,"Laridae (Gulls, Terns, Skimmers)",NT,,
,Larus pacificus,Pacific Gull,"Laridae (Gulls, Terns, Skimmers)",LC,,
,Larus argentatus,European Herring Gull,"Laridae (Gulls, Terns, Skimmers)",LC,,
,Onychoprion aleuticus,Aleutian Tern,"Laridae (Gulls, Terns, Skimmers)",VU,,
,Onychoprion fuscatus,Sooty Tern,"Laridae (Gulls, Terns, Skimmers)",LC,,
,Onychoprion lunatus,Grey-backed Tern,"Laridae (Gulls, Terns, Skimmers)",LC,,
,Sternula albifrons,Little Tern,"Laridae (Gulls, Terns, Skimmers)",LC,,
,Sternula lorata,Peruvian Tern,"Laridae (Gulls, Terns, Skimmers)",EN,,
,Sternula nereis,Fairy Tern,"Laridae (Gulls, Terns, Skimmers)",VU,,
,Sternula balaenarum,Damara Tern,"Laridae (Gulls, Terns, Skimmers)",VU,,
,Larosterna inca,Inca Tern,"Laridae (Gulls, Terns, Skimmers)",NT,,
,Chlidonias albostriatus,Black-fronted Tern,"Laridae (Gulls, Terns, Skimmers)",EN,,
,Chlidonias niger,Black Tern,"Laridae (Gulls, Terns, Skimmers)",LC,,
,Sterna aurantia,River Tern,"Laridae (Gulls, Terns, Skimmers)",VU,,
,Sterna striata,White-fronted Tern,"Laridae (Gulls, Terns, Skimmers)",NT,,
,Sterna sumatrana,Black-naped Tern,"Laridae (Gulls, Terns, Skimmers)",LC,,
,Sterna paradisaea,Arctic Tern,"Laridae (Gulls, Terns, Skimmers)",LC,,
,Sterna vittata,Antarctic Tern,"Laridae (Gulls, Terns, Skimmers)",LC,,
,Sterna virgata,Kerguelen Tern,"Laridae (Gulls, Terns, Skimmers)",NT,,
,Sterna acuticauda,Black-bellied Tern,"Laridae (Gulls, Terns, Skimmers)",EN,,
,Thalasseus bernsteini,Chinese Crested Tern,"Laridae (Gulls, Terns, Skimmers)",CR,,
,Thalasseus elegans,Elegant Tern,"Laridae (Gulls, Terns, Skimmers)",NT,,
,Catharacta antarctica,Brown Skua,Stercorariidae (Skuas),LC,,
,Cerorhinca monocerata,Rhinoceros Auklet,Alcidae (Auks),LC,,
,Fratercula cirrhata,Tufted Puffin,Alcidae (Auks),LC,,
,Fratercula arctica,Atlantic Puffin,Alcidae (Auks),VU,,
,Fratercula corniculata,Horned Puffin,Alcidae (Auks),LC,,
,Ptychoramphus aleuticus,Cassin's Auklet,Alcidae (Auks),NT,,
,Aethia psittacula,Parakeet Auklet,Alcidae (Auks),LC,,
,Aethia pusilla,Least Auklet,Alcidae (Auks),LC,,
,Aethia cristatella,Crested Auklet,Alcidae (Auks),LC,,
,Brachyramphus marmoratus,Marbled Murrelet,Alcidae (Auks),EN,,
,Brachyramphus brevirostris,Kittlitz's Murrelet,Alcidae (Auks),NT,,
,Cepphus grylle,Black Guillemot,Alcidae (Auks),LC,,
,Cepphus columba,Pigeon Guillemot,Alcidae (Auks),LC,,
,Cepphus carbo,Spectacled Guillemot,Alcidae (Auks),LC,,
,Synthliboramphus antiquus,Ancient Murrelet,Alcidae (Auks),LC,,
,Synthliboramphus wumizusume,Japanese Murrelet,Alcidae (Auks),VU,,
,Synthliboramphus scrippsi,Scripps's Murrelet,Alcidae (Auks),VU,,
,Synthliboramphus hypoleucus,Guadalupe Murrelet,Alcidae (Auks),EN,,
,Synthliboramphus craveri,Craveri's Murrelet,Alcidae (Auks),VU,,
,Alca torda,Razorbill,Alcidae (Auks),NT,,
,Ninox natalis,Christmas Boobook,Strigidae (Typical Owls),VU,,
,Sceloglaux albifacies,Laughing Owl,Strigidae (Typical Owls),EX,,
,Mascarenotus grucheti,Reunion Owl,Strigidae (Typical Owls),EX,,
,Surnia ulula,Northern Hawk-owl,Strigidae (Typical Owls),LC,,
,Athene blewitti,Forest Owlet,Strigidae (Typical Owls),EN,,
,Aegolius funereus,Boreal Owl,Strigidae (Typical Owls),LC,,
,Aegolius gradyi,Bermuda Saw-whet Owl,Strigidae (Typical Owls),EX,,
,Otus pembaensis,Pemba Scops-owl,Strigidae (Typical Owls),VU,,
,Otus scops,Eurasian Scops-owl,Strigidae (Typical Owls),LC,,
,Otus capnodes,Anjouan Scops-owl,Strigidae (Typical Owls),EN,,
,Otus pauliani,Grand Comoro Scops-owl,Strigidae (Typical Owls),EN,,
,Otus moheliensis,Moheli Scops-owl,Strigidae (Typical Owls),EN,,
,Otus insularis,Seychelles Scops-owl,Strigidae (Typical Owls),EN,,
,Otus mantananensis,Mantanani Scops-owl,Strigidae (Typical Owls),NT,,
,Asio otus,Northern Long-eared Owl,Strigidae (Typical Owls),LC,,
,Asio flammeus,Short-eared Owl,Strigidae (Typical Owls),LC,,
,Asio capensis,Marsh Owl,Strigidae (Typical Owls),LC,,
,Megascops barbarus,Bearded Screech-owl,Strigidae (Typical Owls),LC,,
,Strix occidentalis,Spotted Owl,Strigidae (Typical Owls),NT,,
,Strix uralensis,Ural Owl,Strigidae (Typical Owls),LC,,
,Strix nebulosa,Great Grey Owl,Strigidae (Typical Owls),LC,,
,Gymnogyps californianus,California Condor,Cathartidae (New World vultures),CR,,
,Vultur gryphus,Andean Condor,Cathartidae (New World vultures),VU,,
,Elanus scriptus,Letter-winged Kite,"Accipitridae (Hawks, Eagles)",NT,,
,Aviceda cuculoides,African Cuckoo-hawk,"Accipitridae (Hawks, Eagles)",LC,,
,Aviceda jerdoni,Jerdon's Baza,"Accipitridae (Hawks, Eagles)",LC,,
,Gypaetus barbatus,Bearded Vulture,"Accipitridae (Hawks, Eagles)",NT,,
,Neophron percnopterus,Egyptian Vulture,"Accipitridae (Hawks, Eagles)",EN,,
,Pithecophaga jefferyi,Philippine Eagle,"Accipitridae (Hawks, Eagles)",CR,,
,Circaetus pectoralis,Black-chested Snake-eagle,"Accipitridae (Hawks, Eagles)",LC,,
,Trigonoceps occipitalis,White-headed Vulture,"Accipitridae (Hawks, Eagles)",CR,,
,Necrosyrtes monachus,Hooded Vulture,"Accipitridae (Hawks, Eagles)",CR,,
,Gyps bengalensis,White-rumped Vulture,"Accipitridae (Hawks, Eagles)",CR,,
,Gyps tenuirostris,Slender-billed Vulture,"Accipitridae (Hawks, Eagles)",CR,,
,Gyps coprotheres,Cape Vulture,"Accipitridae (Hawks, Eagles)",EN,,
,Morphnus guianensis,Crested Eagle,"Accipitridae (Hawks, Eagles)",NT,,
,Harpia harpyja,Harpy Eagle,"Accipitridae (Hawks, Eagles)",NT,,
,Nisaetus nipalensis,Mountain Hawk-eagle,"Accipitridae (Hawks, Eagles)",LC,,
,Clanga clanga,Greater Spotted Eagle,"Accipitridae (Hawks, Eagles)",VU,,
,Aquila adalberti,Spanish Imperial Eagle,"Accipitridae (Hawks, Eagles)",VU,,
,Aquila heliaca,Eastern Imperial Eagle,"Accipitridae (Hawks, Eagles)",VU,,
,Aquila chrysaetos,Golden Eagle,"Accipitridae (Hawks, Eagles)",LC,,
,Circus maillardi,Reunion Marsh-harrier,"Accipitridae (Hawks, Eagles)",EN,,
,Circus maurus,Black Harrier,"Accipitridae (Hawks, Eagles)",EN,,
,Circus cyaneus,Hen Harrier,"Accipitridae (Hawks, Eagles)",LC,,
,Accipiter luteoschistaceus,Slaty-backed Goshawk,"Accipitridae (Hawks, Eagles)",VU,,
,Accipiter imitator,Imitator Goshawk,"Accipitridae (Hawks, Eagles)",VU,,
,Haliaeetus leucoryphus,Pallas's Fish-eagle,"Accipitridae (Hawks, Eagles)",EN,,
,Buteogallus coronatus,Crowned Solitary Eagle,"Accipitridae (Hawks, Eagles)",EN,,
,Bermuteo avivorus,Bermuda Hawk,"Accipitridae (Hawks, Eagles)",EX,,
,Buteo ridgwayi,Ridgway's Hawk,"Accipitridae (Hawks, Eagles)",CR,,
,Buteo solitarius,Hawaiian Hawk,"Accipitridae (Hawks, Eagles)",NT,,
,Buteo galapagoensis,Galapagos Hawk,"Accipitridae (Hawks, Eagles)",VU,,
,Buteo regalis,Ferruginous Hawk,"Accipitridae (Hawks, Eagles)",LC,,
,Buteo buteo,Eurasian Buzzard,"Accipitridae (Hawks, Eagles)",LC,,
,Buteo japonicus,Japanese Buzzard,"Accipitridae (Hawks, Eagles)",LC,,
,Buteo socotraensis,Socotra Buzzard,"Accipitridae (Hawks, Eagles)",VU,,
,Pharomachrus mocinno,Resplendent Quetzal,Trogonidae (Trogons),NT,,
,Bucorvus leadbeateri,Southern Ground-hornbill,Bucerotidae (Hornbills),VU,,
,Rhabdotorrhinus exarhatus,Sulawesi Hornbill,Bucerotidae (Hornbills),VU,,
,Rhyticeros narcondami,Narcondam Hornbill,Bucerotidae (Hornbills),VU,,
,Upupa antaios,St Helena Hoopoe,Upupidae (Hoopoes),EX,,
,Geobiastes squamiger,Scaly Ground-roller,Brachypteraciidae (Ground-rollers),VU,,
,Uratelornis chimaera,Long-tailed Ground-roller,Brachypteraciidae (Ground-rollers),VU,,
,Atelornis crossleyi,Rufous-headed Ground-roller,Brachypteraciidae (Ground-rollers),NT,,
,Electron carinatum,Keel-billed Motmot,Momotidae (Motmots),VU,,
,Actenoides bougainvillei,Bougainville Moustached Kingfisher,Alcedinidae (Kingfishers),EN,,
,Actenoides excelsus,Guadalcanal Moustached Kingfisher,Alcedinidae (Kingfishers),EN,,
,Todiramphus farquhari,Vanuatu Kingfisher,Alcedinidae (Kingfishers),NT,,
,Todiramphus pelewensis,Palau Kingfisher,Alcedinidae (Kingfishers),NT,,
,Todiramphus cinnamominus,Guam Kingfisher,Alcedinidae (Kingfishers),EW,,
,Todiramphus reichenbachii,Pohnpei Kingfisher,Alcedinidae (Kingfishers),VU,,
,Todiramphus tutus,Chattering Kingfisher,Alcedinidae (Kingfishers),NT,,
,Todiramphus ruficollaris,Mangaia Kingfisher,Alcedinidae (Kingfishers),VU,,
,Todiramphus youngi,Moorea Kingfisher,Alcedinidae (Kingfishers),NT,,
,Todiramphus gambieri,Tuamotu Kingfisher,Alcedinidae (Kingfishers),CR,,
,Todiramphus godeffroyi,Marquesas Kingfisher,Alcedinidae (Kingfishers),CR,,
,Semnornis ramphastinus,Toucan Barbet,Semnornithidae (Prong-billed Barbets),NT,,
,Lybius chaplini,Zambian Barbet,Lybiidae (African barbets),VU,,
,Colaptes fernandinae,Fernandina's Flicker,Picidae (Woodpeckers),VU,,
,Colaptes oceanicus,Bermuda Flicker,Picidae (Woodpeckers),EX,,
,Melanerpes herminieri,Guadeloupe Woodpecker,Picidae (Woodpeckers),LC,,
,Melanerpes erythrocephalus,Red-headed Woodpecker,Picidae (Woodpeckers),LC,,
,Dendropicos dorae,Arabian Woodpecker,Picidae (Woodpeckers),NT,,
,Leuconotopicus borealis,Red-cockaded Woodpecker,Picidae (Woodpeckers),NT,,
,Dendrocopos noguchii,Okinawa Woodpecker,Picidae (Woodpeckers),CR,,
,Falco punctatus,Mauritius Kestrel,"Falconidae (Falcons, Caracaras)",EN,,
,Falco araeus,Seychelles Kestrel,"Falconidae (Falcons, Caracaras)",VU,,
,Falco duboisi,Reunion Kestrel,"Falconidae (Falcons, Caracaras)",EX,,
,Falco eleonorae,Eleonora's Falcon,"Falconidae (Falcons, Caracaras)",LC,,
,Falco columbarius,Merlin,"Falconidae (Falcons, Caracaras)",LC,,
,Falco deiroleucus,Orange-breasted Falcon,"Falconidae (Falcons, Caracaras)",NT,,
,Falco novaeseelandiae,New Zealand Falcon,"Falconidae (Falcons, Caracaras)",NT,,
,Falco hypoleucos,Grey Falcon,"Falconidae (Falcons, Caracaras)",VU,,
,Falco biarmicus,Lanner Falcon,"Falconidae (Falcons, Caracaras)",LC,,
,Falco fasciinucha,Taita Falcon,"Falconidae (Falcons, Caracaras)",VU,,
,Strigops habroptila,Kakapo,Strigopidae (New Zealand Parrots),CR,,
,Nestor notabilis,Kea,Strigopidae (New Zealand Parrots),EN,,
,Nestor meridionalis,New Zealand Kaka,Strigopidae (New Zealand Parrots),EN,,
,Zanda baudinii,Long-billed Black-cockatoo,Cacatuidae (Cockatoos),EN,,
,Zanda latirostris,Short-billed Black-cockatoo,Cacatuidae (Cockatoos),EN,,
,Cacatua haematuropygia,Philippine Cockatoo,Cacatuidae (Cockatoos),CR,,
,Cacatua sulphurea,Yellow-crested Cockatoo,Cacatuidae (Cockatoos),CR,,
,Poicephalus robustus,Cape Parrot,Psittacidae (Parrots),VU,,
,Amazona agilis,Black-billed Amazon,Psittacidae (Parrots),EN,,
,Amazona collaria,Yellow-billed Amazon,Psittacidae (Parrots),VU,,
,Amazona vittata,Puerto Rican Amazon,Psittacidae (Parrots),CR,,
,Amazona auropalliata,Yellow-naped Amazon,Psittacidae (Parrots),EN,,
,Amazona barbadensis,Yellow-shouldered Amazon,Psittacidae (Parrots),VU,,
,Pyrrhura devillei,Blaze-winged Parakeet,Psittacidae (Parrots),NT,,
,Pyrrhura griseipectus,Grey-breasted Parakeet,Psittacidae (Parrots),EN,,
,Pyrrhura orcesi,El Oro Parakeet,Psittacidae (Parrots),EN,,
,Eupsittula nana,Jamaican Parakeet,Psittacidae (Parrots),NT,,
,Conuropsis carolinensis,Carolina Parakeet,Psittacidae (Parrots),EX,,
,Cyanopsitta spixii,Spix's Macaw,Psittacidae (Parrots),EW,,
,Ara glaucogularis,Blue-throated Macaw,Psittacidae (Parrots),CR,,
,Ara militaris,Military Macaw,Psittacidae (Parrots),VU,,
,Leptosittaca branickii,Golden-plumed Parakeet,Psittacidae (Parrots),LC,,
,Coracopsis barklyi,Seychelles Parrot,Psittacidae (Parrots),VU,,
,Psephotellus chrysopterygius,Golden-shouldered Parrot,Psittacidae (Parrots),EN,,
,Psephotellus pulcherrimus,Paradise Parrot,Psittacidae (Parrots),EX,,
,Lathamus discolor,Swift Parrot,Psittacidae (Parrots),CR,,
,Eunymphicus cornutus,Horned Parakeet,Psittacidae (Parrots),VU,,
,Eunymphicus uvaeensis,Ouvea Parakeet,Psittacidae (Parrots),VU,,
,Cyanoramphus zealandicus,Black-fronted Parakeet,Psittacidae (Parrots),EX,,
,Cyanoramphus ulietanus,Raiatea Parakeet,Psittacidae (Parrots),EX,,
,Cyanoramphus unicolor,Antipodes Parakeet,Psittacidae (Parrots),VU,,
,Cyanoramphus forbesi,Chatham Parakeet,Psittacidae (Parrots),VU,,
,Cyanoramphus auriceps,Yellow-fronted Parakeet,Psittacidae (Parrots),NT,,
,Cyanoramphus malherbi,Malherbe's Parakeet,Psittacidae (Parrots),CR,,
,Cyanoramphus novaezelandiae,Red-fronted Parakeet,Psittacidae (Parrots),LC,,
,Pezoporus occidentalis,Night Parrot,Psittacidae (Parrots),EN,,
,Neophema chrysogaster,Orange-bellied Parrot,Psittacidae (Parrots),CR,,
,Neophema splendida,Scarlet-chested Parrot,Psittacidae (Parrots),LC,,
,Charmosyna palmarum,Palm Lorikeet,Psittacidae (Parrots),VU,,
,Charmosyna diadema,New Caledonian Lorikeet,Psittacidae (Parrots),CR (PE),,
,Charmosyna amabilis,Red-throated Lorikeet,Psittacidae (Parrots),CR,,
,Vini kuhlii,Rimatara Lorikeet,Psittacidae (Parrots),EN,,
,Vini stepheni,Henderson Lorikeet,Psittacidae (Parrots),VU,,
,Vini peruviana,Blue Lorikeet,Psittacidae (Parrots),VU,,
,Vini ultramarina,Ultramarine Lorikeet,Psittacidae (Parrots),CR,,
,Eos histrio,Red-and-blue Lory,Psittacidae (Parrots),EN,,
,Cyclopsitta coxeni,Coxen's Fig-parrot,Psittacidae (Parrots),EN,,
,Loriculus catamene,Sangihe Hanging-parrot,Psittacidae (Parrots),NT,,
,Agapornis fischeri,Fischer's Lovebird,Psittacidae (Parrots),NT,,
,Agapornis nigrigenis,Black-cheeked Lovebird,Psittacidae (Parrots),VU,,
,Polytelis swainsonii,Superb Parrot,Psittacidae (Parrots),LC,,
,Polytelis anthopeplus,Regent Parrot,Psittacidae (Parrots),LC,,
,Polytelis alexandrae,Princess Parrot,Psittacidae (Parrots),NT,,
,Prioniturus platenae,Blue-headed Racquet-tail,Psittacidae (Parrots),VU,,
,Prioniturus luconensis,Green Racquet-tail,Psittacidae (Parrots),EN,,
,Eclectus infectus,Oceanic Parrot,Psittacidae (Parrots),EX,,
,Alexandrinus eques,Echo Parakeet,Psittacidae (Parrots),VU,,
,Xenicus longipes,Bushwren,Acanthisittidae (New Zealand wrens),EX,,
,Xenicus gilviventris,New Zealand Rockwren,Acanthisittidae (New Zealand wrens),EN,,
,Traversia lyalli,Stephens Island Rockwren,Acanthisittidae (New Zealand wrens),EX,,
,Hydrornis gurneyi,Gurney's Pitta,Pittidae (Pittas),CR,,
,Pitta anerythra,Black-faced Pitta,Pittidae (Pittas),VU,,
,Pitta superba,Superb Pitta,Pittidae (Pittas),EN,,
,Formicivora acutirostris,Parana Antwren,Thamnophilidae (Antbirds),NT,,
,Formicivora paludicola,Marsh Antwren,Thamnophilidae (Antbirds),CR,,
,Scytalopus iraiensis,Marsh Tapaculo,Rhinocryptidae (Tapaculos),EN,,
,Cinclodes maculirostris,Black Cinclodes,Furnariidae (Ovenbirds),NT,,
,Cinclodes antarcticus,Blackish Cinclodes,Furnariidae (Ovenbirds),NT,,
,Clibanornis erythrocephalus,Henna-hooded Foliage-gleaner,Furnariidae (Ovenbirds),NT,,
,Aphrastura masafucrae,Masafuera Rayadito,Furnariidae (Ovenbirds),CR,,
,Asthenes luizae,Cipo Canastero,Furnariidae (Ovenbirds),NT,,
,Cranioleuca dissita,Coiba Spinetail,Furnariidae (Ovenbirds),LC,,
,Zaratornis stresemanni,White-cheeked Cotinga,Cotingidae (Cotingas),VU,,
,Phytotoma raimondii,Peruvian Plantcutter,Cotingidae (Cotingas),VU,,
,Phibalura boliviana,Apolo Cotinga,Cotingidae (Cotingas),EN,,
,Elaenia ridleyana,Noronha Elaenia,Tyrannidae (Tyrant-flycatchers),VU,,
,Nesotriccus ridgwayi,Cocos Flycatcher,Tyrannidae (Tyrant-flycatchers),VU,,
,Anairetes fernandezianus,Juan Fernandez Tit-tyrant,Tyrannidae (Tyrant-flycatchers),NT,,
,Myiarchus semirufus,Rufous Flycatcher,Tyrannidae (Tyrant-flycatchers),VU,,
,Ochthoeca salvini,Tumbes Tyrant,Tyrannidae (Tyrant-flycatchers),NT,,
,Pyrocephalus nanus,Little Vermilion Flycatcher,Tyrannidae (Tyrant-flycatchers),VU,,
,Pyrocephalus dubius,Least Vermilion Flycatcher,Tyrannidae (Tyrant-flycatchers),EX,,
,Alectrurus tricolor,Cock-tailed Tyrant,Tyrannidae (Tyrant-flycatchers),VU,,
,Xolmis dominicanus,Black-and-white Monjita,Tyrannidae (Tyrant-flycatchers),VU,,
,Agriornis albicauda,White-tailed Shrike-tyrant,Tyrannidae (Tyrant-flycatchers),VU,,
,Menura alberti,Albert's Lyrebird,Menuridae (Lyrebirds),NT,,
,Atrichornis clamosus,Noisy Scrub-bird,Atrichornithidae (Scrub-birds),EN,,
,Amytornis dorotheae,Carpentarian Grasswren,Maluridae (Australasian wrens),VU,,
,Amytornis merrotsyi,Short-tailed Grasswren,Maluridae (Australasian wrens),NT,,
,Dasyornis brachypterus,Eastern Bristlebird,Dasyornithidae (Bristlebirds),EN,,
,Dasyornis longirostris,Western Bristlebird,Dasyornithidae (Bristlebirds),EN,,
,Dasyornis broadbenti,Rufous Bristlebird,Dasyornithidae (Bristlebirds),LC,,
,Gymnomyza samoensis,Mao,Meliphagidae (Honeyeaters),EN,,
,Gymnomyza aubryana,Crow Honeyeater,Meliphagidae (Honeyeaters),CR,,
,Grantiella picta,Painted Honeyeater,Meliphagidae (Honeyeaters),VU,,
,Myzomela chermesina,Rotuma Myzomela,Meliphagidae (Honeyeaters),VU,,
,Anthornis melanocephala,Chatham Bellbird,Meliphagidae (Honeyeaters),EX,,
,Microptilotis vicina,Tagula Honeyeater,Meliphagidae (Honeyeaters),LC,,
,Anthochaera phrygia,Regent Honeyeater,Meliphagidae (Honeyeaters),CR,,
,Manorina melanotis,Black-eared Miner,Meliphagidae (Honeyeaters),EN,,
,Pardalotus quadragintus,Forty-spotted Pardalote,Pardalotidae (Pardalotes),EN,,
,Gerygone modesta,Norfolk Gerygone,Acanthizidae (Thornbills and gerygones),NT,,
,Gerygone insularis,Lord Howe Gerygone,Acanthizidae (Thornbills and gerygones),EX,,
,Pyrrholaemus sagittatus,Speckled Warbler,Acanthizidae (Thornbills and gerygones),LC,,
,Mohoua ochrocephala,Yellowhead,Mohouidae (Mohouas),EN,,
,Turnagra tanagra,North Island Piopio,Oriolidae (Orioles and figbirds),EX,,
,Turnagra capensis,South Island Piopio,Oriolidae (Orioles and figbirds),EX,,
,Oriolus isabellae,Isabela Oriole,Oriolidae (Orioles and figbirds),CR,,
,Pachycephala rufogularis,Red-lored Whistler,Pachycephalidae (Whistlers),VU,,
,Pachycephala jacquinoti,Tongan Whistler,Pachycephalidae (Whistlers),NT,,
,Vireo bellii,Bell's Vireo,Vireonidae (Vireos and allies),LC,,
,Vireo latimeri,Puerto Rican Vireo,Vireonidae (Vireos and allies),LC,,
,Vireo atricapilla,Black-capped Vireo,Vireonidae (Vireos and allies),NT,,
,Ceblepyris cucullatus,Comoro Cuckooshrike,Campephagidae (Cuckoo-shrikes),VU,,
,Edolisoma nesiotis,Yap Cicadabird,Campephagidae (Cuckoo-shrikes),EN,,
,Lalage conjuncta,Mussau Triller,Campephagidae (Cuckoo-shrikes),VU,,
,Lalage typica,Mauritius Cuckooshrike,Campephagidae (Cuckoo-shrikes),VU,,
,Lalage newtoni,Reunion Cuckooshrike,Campephagidae (Cuckoo-shrikes),CR,,
,Cracticus louisiadensis,Tagula Butcherbird,Artamidae (Woodswallows),NT,,
,Prionops poliolophus,Grey-crested Helmetshrike,Vangidae (Vangas),NT,,
,Malaconotus alius,Uluguru Bush-shrike,"Malaconotidae (Helmetshrikes, bushshrikes and puffbacks)",EN,,
,Lamprolia klinesmithi,Natewa Silktail,Lamproliidae (Silktails),VU,,
,Lamprolia victoriae,Taveuni Silktail,Lamproliidae (Silktails),NT,,
,Rhipidura malaitae,Malaita Fantail,Rhipiduridae (Fantails),VU,,
,Rhipidura semirubra,Manus Fantail,Rhipiduridae (Fantails),VU,,
,Dicrurus fuscipennis,Comoro Drongo,Dicruridae (Drongos),EN,,
,Dicrurus aldabranus,Aldabra Drongo,Dicruridae (Drongos),NT,,
,Dicrurus waldenii,Mayotte Drongo,Dicruridae (Drongos),VU,,
,Myiagra freycineti,Guam Flycatcher,Monarchidae (Monarchs),EX,,
,Myiagra albiventris,Samoan Flycatcher,Monarchidae (Monarchs),NT,,
,Myiagra azureocapilla,Azure-crested Flycatcher,Monarchidae (Monarchs),NT,,
,Chasiempis sclateri,Kauai Elepaio,Monarchidae (Monarchs),VU,,
,Chasiempis ibidis,Oahu Elepaio,Monarchidae (Monarchs),EN,,
,Chasiempis sandwichensis,Hawaii Elepaio,Monarchidae (Monarchs),VU,,
,Pomarea pomarea,Maupiti Monarch,Monarchidae (Monarchs),EX,,
,Pomarea nigra,Tahiti Monarch,Monarchidae (Monarchs),CR,,
,Pomarea dimidiata,Rarotonga Monarch,Monarchidae (Monarchs),VU,,
,Pomarea fluxa,Eiao Monarch,Monarchidae (Monarchs),EX,,
,Pomarea iphis,Iphis Monarch,Monarchidae (Monarchs),CR,,
,Pomarea whitneyi,Fatu Hiva Monarch,Monarchidae (Monarchs),CR,,
,Pomarea nukuhivae,Nuku Hiva Monarch,Monarchidae (Monarchs),EX,,
,Pomarea mira,Ua Pou Monarch,Monarchidae (Monarchs),CR (PE),,
,Pomarea mendozae,Marquesas Monarch,Monarchidae (Monarchs),EN,,
,Mayrornis versicolor,Ogea Monarch,Monarchidae (Monarchs),NT,,
,Clytorhynchus sanctaecrucis,Nendo Shrikebill,Monarchidae (Monarchs),EN,,
,Clytorhynchus nigrogularis,Black-throated Shrikebill,Monarchidae (Monarchs),NT,,
,Metabolus takatsukasae,Tinian Monarch,Monarchidae (Monarchs),VU,,
,Metabolus godeffroyi,Yap Monarch,Monarchidae (Monarchs),NT,,
,Terpsiphone corvina,Seychelles Paradise-flycatcher,Monarchidae (Monarchs),VU,,
,Lanius ludovicianus,Loggerhead Shrike,Laniidae (Shrikes),NT,,
,Lanius newtoni,Newton's Fiscal,Laniidae (Shrikes),CR,,
,Garrulus lidthi,Amami Jay,Corvidae (Crows and jays),VU,,
,Pica nutalli,Yellow-billed Magpie,Corvidae (Crows and jays),VU,,
,Corvus jamaicensis,Jamaican Crow,Corvidae (Crows and jays),NT,,
,Corvus leucognaphalus,White-necked Crow,Corvidae (Crows and jays),VU,,
,Corvus palmarum,Palm Crow,Corvidae (Crows and jays),LC,,
,Corvus hawaiiensis,Hawaiian Crow,Corvidae (Crows and jays),EW,,
,Corvus florensis,Flores Crow,Corvidae (Crows and jays),EN,,
,Corvus unicolor,Banggai Crow,Corvidae (Crows and jays),CR,,
,Corvus kubaryi,Mariana Crow,Corvidae (Crows and jays),CR,,
,Aphelocoma coerulescens,Florida Scrub-jay,Corvidae (Crows and jays),VU,,
,Paradisaea guilielmi,Emperor Bird-of-paradise,Paradisaeidae (Birds of paradise),NT,,
,Callaeas wilsoni,North Island Kokako,Callaeidae (New Zealand wattlebirds),NT,,
,Callaeas cinereus,South Island Kokako,Callaeidae (New Zealand wattlebirds),CR (PE),,
,Philesturnus rufusater,North Island Saddleback,Callaeidae (New Zealand wattlebirds),NT,,
,Philesturnus carunculatus,South Island Saddleback,Callaeidae (New Zealand wattlebirds),NT,,
,Heteralocha acutirostris,Huia,Callaeidae (New Zealand wattlebirds),EX,,
,Notiomystis cincta,Stitchbird,Notiomystidae (Stitchbird),VU,,
,Picathartes gymnocephalus,White-necked Rockfowl,Picathartidae (Rockfowl),VU,,
,Picathartes oreas,Grey-necked Rockfowl,Picathartidae (Rockfowl),VU,,
,Chaetops frenatus,Cape Rockjumper,Chaetopidae (Rockjumpers),NT,,
,Petroica phoenicea,Flame Robin,Petroicidae (Australasian robins),NT,,
,Petroica multicolor,Norfolk Robin,Petroicidae (Australasian robins),EN,,
,Petroica dannefaerdi,Snares Tomtit,Petroicidae (Australasian robins),VU,,
,Petroica traversi,Black Robin,Petroicidae (Australasian robins),EN,,
,Sittiparus owstoni,Izu Tit,Paridae (Tits and chickadees),EN,,
,Poecile montanus,Willow Tit,Paridae (Tits and chickadees),LC,,
,Machlolophus nuchalis,White-naped Tit,Paridae (Tits and chickadees),VU,,
,Calendulauda burra,Red Lark,Alaudidae (Larks),VU,,
,Heteromirafra ruddi,Rudd's Lark,Alaudidae (Larks),EN,,
,Heteromirafra archeri,Liben Lark,Alaudidae (Larks),CR,,
,Mirafra cheniana,Melodious Lark,Alaudidae (Larks),LC,,
,Eremophila alpestris,Horned Lark,Alaudidae (Larks),LC,,
,Spizocorys fringillaris,Botha's Lark,Alaudidae (Larks),EN,,
,Alauda razae,Raso Lark,Alaudidae (Larks),CR,,
,Artisornis moreaui,Long-billed Forest-warbler,Cisticolidae (Cisticolas and allies),CR,,
,Apalis fuscigularis,Taita Apalis,Cisticolidae (Cisticolas and allies),CR,,
,Apalis karamojae,Karamoja Apalis,Cisticolidae (Cisticolas and allies),VU,,
,Cisticola aberdare,Aberdare Cisticola,Cisticolidae (Cisticolas and allies),VU,,
,Nesillas aldabrana,Aldabra Brush-warbler,Acrocephalidae (Reed-warblers),EX,,
,Calamonastides gracilirostris,Papyrus Yellow Warbler,Acrocephalidae (Reed-warblers),VU,,
,Acrocephalus brevipennis,Cape Verde Swamp-warbler,Acrocephalidae (Reed-warblers),VU,,
,Acrocephalus sechellensis,Seychelles Warbler,Acrocephalidae (Reed-warblers),NT,,
,Acrocephalus rodericanus,Rodrigues Warbler,Acrocephalidae (Reed-warblers),NT,,
,Acrocephalus luscinius,Guam Reed-warbler,Acrocephalidae (Reed-warblers),EX,,
,Acrocephalus hiwae,Saipan Reed-warbler,Acrocephalidae (Reed-warblers),CR,,
,Acrocephalus nijoi,Aguijan Reed-warbler,Acrocephalidae (Reed-warblers),EX,,
,Acrocephalus aequinoctialis,Kiritimati Reed-warbler,Acrocephalidae (Reed-warblers),EN,,
,Acrocephalus yamashinae,Pagan Reed-warbler,Acrocephalidae (Reed-warblers),EX,,
,Acrocephalus astrolabii,Mangareva Reed-warbler,Acrocephalidae (Reed-warblers),EX,,
,Acrocephalus rehsei,Nauru Reed-warbler,Acrocephalidae (Reed-warblers),VU,,
,Acrocephalus familiaris,Millerbird,Acrocephalidae (Reed-warblers),CR,,
,Acrocephalus vaughani,Pitcairn Reed-warbler,Acrocephalidae (Reed-warblers),EN,,
,Acrocephalus taiti,Henderson Reed-warbler,Acrocephalidae (Reed-warblers),VU,,
,Acrocephalus kerearako,Cook Reed-warbler,Acrocephalidae (Reed-warblers),NT,,
,Acrocephalus rimitarae,Rimatara Reed-warbler,Acrocephalidae (Reed-warblers),CR,,
,Acrocephalus musae,Forster's Reed-warbler,Acrocephalidae (Reed-warblers),EX,,
,Acrocephalus caffer,Tahiti Reed-warbler,Acrocephalidae (Reed-warblers),VU,,
,Acrocephalus longirostris,Moorea Reed-warbler,Acrocephalidae (Reed-warblers),CR,,
,Schoenicola platyurus,Broad-tailed Grassbird,Locustellidae (Grasshopper-warblers and grassbirds),VU,,
,Poodytes caudatus,Snares Fernbird,Locustellidae (Grasshopper-warblers and grassbirds),VU,,
,Poodytes rufescens,Chatham Fernbird,Locustellidae (Grasshopper-warblers and grassbirds),EX,,
,Poodytes albolimbatus,Fly River Grassbird,Locustellidae (Grasshopper-warblers and grassbirds),VU,,
,Megalurulus mariae,New Caledonian Thicketbird,Locustellidae (Grasshopper-warblers and grassbirds),LC,,
,Megalurulus grosvenori,New Britain Thicketbird,Locustellidae (Grasshopper-warblers and grassbirds),VU,,
,Megalurulus llaneae,Bougainville Thicketbird,Locustellidae (Grasshopper-warblers and grassbirds),NT,,
,Megalurulus turipavae,Guadalcanal Thicketbird,Locustellidae (Grasshopper-warblers and grassbirds),NT,,
,Megalurulus whitneyi,Santo Thicketbird,Locustellidae (Grasshopper-warblers and grassbirds),LC,,
,Megalurulus rufus,Long-legged Thicketbird,Locustellidae (Grasshopper-warblers and grassbirds),EN,,
,Chaetornis striata,Bristled Grassbird,Locustellidae (Grasshopper-warblers and grassbirds),VU,,
,Delichon urbicum,Northern House Martin,Hirundinidae (Swallows and martins),LC,,
,Cecropis daurica,Red-rumped Swallow,Hirundinidae (Swallows and martins),LC,,
,Hirundo atrocaerulea,Blue Swallow,Hirundinidae (Swallows and martins),VU,,
,Hirundo rustica,Barn Swallow,Hirundinidae (Swallows and martins),LC,,
,Tachycineta euchrysea,Golden Swallow,Hirundinidae (Swallows and martins),VU,,
,Tachycineta cyaneoviridis,Bahama Swallow,Hirundinidae (Swallows and martins),EN,,
,Progne murphyi,Peruvian Martin,Hirundinidae (Swallows and martins),NT,,
,Progne modesta,Galapagos Martin,Hirundinidae (Swallows and martins),EN,,
,Ixos nicobariensis,Nicobar Bulbul,Pycnonotidae (Bulbuls),NT,,
,Hypsipetes siquijorensis,Streak-breasted Bulbul,Pycnonotidae (Bulbuls),EN,,
,Hypsipetes borbonicus,Reunion Bulbul,Pycnonotidae (Bulbuls),NT,,
,Hypsipetes olivaceus,Mauritius Bulbul,Pycnonotidae (Bulbuls),VU,,
,Pycnonotus taivanus,Styan's Bulbul,Pycnonotidae (Bulbuls),VU,,
,Phylloscopus collybita,Common Chiffchaff,Phylloscopidae (Leaf-warblers),LC,,
,Phylloscopus amoenus,Kolombangara Leaf-warbler,Phylloscopidae (Leaf-warblers),VU,,
,Horornis haddeni,Bougainville Bush-warbler,Scotocercidae (Bush-warblers),NT,,
,Cleptornis marchei,Golden White-eye,Zosteropidae (White-eyes),EN,,
,Apalopteron familiare,Bonin White-eye,Zosteropidae (White-eyes),NT,,
,Rukia ruki,Teardrop White-eye,Zosteropidae (White-eyes),EN,,
,Rukia longirostra,Long-billed White-eye,Zosteropidae (White-eyes),NT,,
,Megazosterops palauensis,Giant White-eye,Zosteropidae (White-eyes),NT,,
,Zosterops mouroniensis,Mount Karthala White-eye,Zosteropidae (White-eyes),VU,,
,Zosterops semiflavus,Marianne White-eye,Zosteropidae (White-eyes),EX,,
,Zosterops chloronothos,Mauritius Olive White-eye,Zosteropidae (White-eyes),CR,,
,Zosterops modestus,Seychelles White-eye,Zosteropidae (White-eyes),VU,,
,Zosterops gibbsi,Vanikoro White-eye,Zosteropidae (White-eyes),LC,,
,Zosterops oleagineus,Yap Olive White-eye,Zosteropidae (White-eyes),NT,,
,Zosterops rotensis,Rota White-eye,Zosteropidae (White-eyes),CR,,
,Zosterops natalis,Christmas White-eye,Zosteropidae (White-eyes),NT,,
,Zosterops saypani,Saipan White-eye,Zosteropidae (White-eyes),EN,,
,Zosterops conspicillatus,Bridled White-eye,Zosteropidae (White-eyes),EX,,
,Zosterops hypolais,Yap Plain White-eye,Zosteropidae (White-eyes),NT,,
,Zosterops albogularis,White-chested White-eye,Zosteropidae (White-eyes),CR,,
,Zosterops samoensis,Samoan White-eye,Zosteropidae (White-eyes),VU,,
,Zosterops strenuus,Robust White-eye,Zosteropidae (White-eyes),EX,,
,Zosterops tenuirostris,Slender-billed White-eye,Zosteropidae (White-eyes),NT,,
,Graminicola bengalensis,Indian Grass-babbler,Pellorneidae (Ground babblers),NT,,
,Chatarrhaea longirostris,Slender-billed Babbler,Leiotrichidae (Laughingthrushes and allies),VU,,
,Turdoides hindei,Hinde's Babbler,Leiotrichidae (Laughingthrushes and allies),VU,,
,Garrulax taewanus,Taiwan Hwamei,Leiotrichidae (Laughingthrushes and allies),NT,,
,Sitta insularis,Bahama Nuthatch,Sittidae (Nuthatches and Wallcreeper),CR,,
,Ferminia cerverai,Zapata Wren,Troglodytidae (Wrens),EN,,
,Troglodytes tanneri,Clarion Wren,Troglodytidae (Wrens),VU,,
,Troglodytes cobbi,Cobb's Wren,Troglodytidae (Wrens),LC,,
,Troglodytes sissonii,Socorro Wren,Troglodytidae (Wrens),NT,,
,Cistothorus apolinari,Apolinar's Wren,Troglodytidae (Wrens),EN,,
,Henicorhina negreti,Munchique Wood-wren,Troglodytidae (Wrens),VU,,
,Cinclus schulzii,Rufous-throated Dipper,Cinclidae (Dippers),VU,,
,Leucopsar rothschildi,Bali Myna,Sturnidae (Starlings),CR,,
,Fregilupus varius,Reunion Starling,Sturnidae (Starlings),EX,,
,Necropsar rodericanus,Rodrigues Starling,Sturnidae (Starlings),EX,,
,Poeoptera femoralis,Abbott's Starling,Sturnidae (Starlings),VU,,
,Gracula robusta,Nias Hill Myna,Sturnidae (Starlings),CR,,
,Aplonis feadensis,Atoll Starling,Sturnidae (Starlings),NT,,
,Aplonis santovestris,Mountain Starling,Sturnidae (Starlings),EN,,
,Aplonis pelzelni,Pohnpei Starling,Sturnidae (Starlings),CR,,
,Aplonis corvina,Kosrae Starling,Sturnidae (Starlings),EX,,
,Aplonis cinerascens,Rarotonga Starling,Sturnidae (Starlings),VU,,
,Aplonis ulietensis,Raiatea Starling,Sturnidae (Starlings),EX,,
,Aplonis mavornata,Mysterious Starling,Sturnidae (Starlings),EX,,
,Aplonis fusca,Norfolk Starling,Sturnidae (Starlings),EX,,
,Melanoptila glabrirostris,Black Catbird,Mimidae (Mockingbirds and thrashers),NT,,
,Ramphocinclus brachyurus,White-breasted Thrasher,Mimidae (Mockingbirds and thrashers),EN,,
,Mimus graysoni,Socorro Mockingbird,Mimidae (Mockingbirds and thrashers),CR,,
,Mimus trifasciatus,Floreana Mockingbird,Mimidae (Mockingbirds and thrashers),EN,,
,Mimus macdonaldi,Espanola Mockingbird,Mimidae (Mockingbirds and thrashers),VU,,
,Mimus melanotis,San Cristobal Mockingbird,Mimidae (Mockingbirds and thrashers),NT,,
,Toxostoma guttatum,Cozumel Thrasher,Mimidae (Mockingbirds and thrashers),CR,,
,Toxostoma bendirei,Bendire's Thrasher,Mimidae (Mockingbirds and thrashers),VU,,
,Myadestes myadestinus,Kamao,Turdidae (Thrushes),EX,,
,Myadestes lanaiensis,Olomao,Turdidae (Thrushes),CR (PE),,
,Myadestes obscurus,Omao,Turdidae (Thrushes),VU,,
,Myadestes palmeri,Puaiohi,Turdidae (Thrushes),CR,,
,Geomalia heinrichi,Geomalia,Turdidae (Thrushes),NT,,
,Zoothera turipavae,Guadalcanal Thrush,Turdidae (Thrushes),VU,,
,Zoothera margaretae,Makira Thrush,Turdidae (Thrushes),NT,,
,Zoothera talaseae,New Britain Thrush,Turdidae (Thrushes),LC,,
,Zoothera atrigena,Bougainville Thrush,Turdidae (Thrushes),NT,,
,Zoothera terrestris,Bonin Thrush,Turdidae (Thrushes),EX,,
,Catharus bicknelli,Bicknell's Thrush,Turdidae (Thrushes),VU,,
,Geokichla guttata,Spotted Ground-thrush,Turdidae (Thrushes),EN,,
,Turdus helleri,Taita Thrush,Turdidae (Thrushes),CR,,
,Turdus merula,Eurasian Blackbird,Turdidae (Thrushes),LC,,
,Turdus lherminieri,Forest Thrush,Turdidae (Thrushes),NT,,
,Turdus eremita,Tristan Thrush,Turdidae (Thrushes),NT,,
,Turdus xanthorhynchus,Principe Thrush,Turdidae (Thrushes),CR,,
,Turdus olivaceofuscus,Sao Tome Thrush,Turdidae (Thrushes),LC,,
,Turdus celaenops,Izu Thrush,Turdidae (Thrushes),VU,,
,Copsychus sechellarum,Seychelles Magpie-robin,Muscicapidae (Chats and Old World flycatchers),EN,,
,Humblotia flavirostris,Humblot's Flycatcher,Muscicapidae (Chats and Old World flycatchers),EN,,
,Swynnertonia swynnertoni,Swynnerton's Robin,Muscicapidae (Chats and Old World flycatchers),VU,,
,Stiphrornis erythrothorax,Orange-breasted Forest-robin,Muscicapidae (Chats and Old World flycatchers),LC,,
,Stiphrornis xanthogaster,Yellow-breasted Forest-robin,Muscicapidae (Chats and Old World flycatchers),LC,,
,Sheppardia gunningi,East Coast Akalat,Muscicapidae (Chats and Old World flycatchers),NT,,
,Larvivora tanensis,Izu Robin,Muscicapidae (Chats and Old World flycatchers),VU,,
,Larvivora komadori,Ryukyu Robin,Muscicapidae (Chats and Old World flycatchers),NT,,
,Larvivora namiyei,Okinawa Robin,Muscicapidae (Chats and Old World flycatchers),NT,,
,Cyanecula svecica,Bluethroat,Muscicapidae (Chats and Old World flycatchers),LC,,
,Ficedula henrici,Damar Flycatcher,Muscicapidae (Chats and Old World flycatchers),NT,,
,Saxicola dacotiae,Fuerteventura Stonechat,Muscicapidae (Chats and Old World flycatchers),NT,,
,Moho braccatus,Kauai Oo,Mohoidae (Hawaiian honeyeaters),EX,,
,Moho apicalis,Oahu Oo,Mohoidae (Hawaiian honeyeaters),EX,,
,Moho bishopi,Bishop's Oo,Mohoidae (Hawaiian honeyeaters),EX,,
,Moho nobilis,Hawaii Oo,Mohoidae (Hawaiian honeyeaters),EX,,
,Chaetoptila angustipluma,Kioea,Mohoidae (Hawaiian honeyeaters),EX,,
,Dicaeum quadricolor,Cebu Flowerpecker,Dicaeidae (Flowerpeckers),CR,,
,Cinnyris neergaardi,Neergaard's Sunbird,Nectariniidae (Sunbirds),NT,,
,Foudia aldabrana,Aldabra Fody,Ploceidae (Weavers and allies),EN,,
,Foudia consobrina,Grand Comoro Fody,Ploceidae (Weavers and allies),NT,,
,Foudia eminentissima,Red-headed Fody,Ploceidae (Weavers and allies),LC,,
,Foudia delloni,Reunion Fody,Ploceidae (Weavers and allies),EX,,
,Foudia rubra,Mauritius Fody,Ploceidae (Weavers and allies),EN,,
,Foudia sechellarum,Seychelles Fody,Ploceidae (Weavers and allies),NT,,
,Foudia flavicans,Rodrigues Fody,Ploceidae (Weavers and allies),NT,,
,Ploceus batesi,Bates's Weaver,Ploceidae (Weavers and allies),EN,,
,Ploceus grandis,Giant Weaver,Ploceidae (Weavers and allies),NT,,
,Ploceus megarhynchus,Finn's Weaver,Ploceidae (Weavers and allies),VU,,
,Malimbus ibadanensis,Ibadan Malimbe,Ploceidae (Weavers and allies),EN,,
,Lonchura stygia,Black Mannikin,"Estrildidae (Waxbills, grass finches, munias and allies)",NT,,
,Lonchura oryzivora,Java Sparrow,"Estrildidae (Waxbills, grass finches, munias and allies)",EN,,
,Heteromunia pectoralis,Pictorella Mannikin,"Estrildidae (Waxbills, grass finches, munias and allies)",LC,,
,Stagonopleura guttata,Diamond Firetail,"Estrildidae (Waxbills, grass finches, munias and allies)",LC,,
,Neochmia ruficauda,Star Finch,"Estrildidae (Waxbills, grass finches, munias and allies)",LC,,
,Poephila cincta,Black-throated Finch,"Estrildidae (Waxbills, grass finches, munias and allies)",LC,,
,Chloebia gouldiae,Gouldian Finch,"Estrildidae (Waxbills, grass finches, munias and allies)",NT,,
,Anthus sokokensis,Sokoke Pipit,Motacillidae (Wagtails and pipits),EN,,
,Anthus spragueii,Sprague's Pipit,Motacillidae (Wagtails and pipits),VU,,
,Anthus nattereri,Ochre-breasted Pipit,Motacillidae (Wagtails and pipits),VU,,
,Anthus antarcticus,South Georgia Pipit,Motacillidae (Wagtails and pipits),NT,,
,Hemimacronyx chloris,Yellow-breasted Pipit,Motacillidae (Wagtails and pipits),VU,,
,Amaurocichla bocagii,Sao Tome Short-tail,Motacillidae (Wagtails and pipits),VU,,
,Fringilla teydea,Tenerife Blue Chaffinch,Fringillidae (Finches and Hawaiian honeycreepers),NT,,
,Fringilla polatzeki,Gran Canaria Blue Chaffinch,Fringillidae (Finches and Hawaiian honeycreepers),EN,,
,Hesperiphona vespertina,Evening Grosbeak,Fringillidae (Finches and Hawaiian honeycreepers),VU,,
,Melamprosops phaeosoma,Poo-uli,Fringillidae (Finches and Hawaiian honeycreepers),EX,,
,Paroreomyza maculata,Oahu Alauahio,Fringillidae (Finches and Hawaiian honeycreepers),CR (PE),,
,Paroreomyza flammea,Kakawahie,Fringillidae (Finches and Hawaiian honeycreepers),EX,,
,Paroreomyza montana,Maui Alauahio,Fringillidae (Finches and Hawaiian honeycreepers),EN,,
,Oreomystis bairdi,Akikiki,Fringillidae (Finches and Hawaiian honeycreepers),CR,,
,Telespiza cantans,Laysan Finch,Fringillidae (Finches and Hawaiian honeycreepers),VU,,
,Telespiza ultima,Nihoa Finch,Fringillidae (Finches and Hawaiian honeycreepers),CR,,
,Chloridops kona,Kona Grosbeak,Fringillidae (Finches and Hawaiian honeycreepers),EX,,
,Loxioides bailleui,Palila,Fringillidae (Finches and Hawaiian honeycreepers),CR,,
,Psittirostra psittacea,Ou,Fringillidae (Finches and Hawaiian honeycreepers),CR (PE),,
,Dysmorodrepanis munroi,Lanai Hookbill,Fringillidae (Finches and Hawaiian honeycreepers),EX,,
,Akialoa stejnegeri,Kauai Akialoa,Fringillidae (Finches and Hawaiian honeycreepers),EX,,
,Akialoa ellisiana,Oahu Akialoa,Fringillidae (Finches and Hawaiian honeycreepers),EX,,
,Akialoa lanaiensis,Lanai Akialoa,Fringillidae (Finches and Hawaiian honeycreepers),EX,,
,Akialoa obscura,Hawaii Akialoa,Fringillidae (Finches and Hawaiian honeycreepers),EX,,
,Hemignathus hanapepe,Kauai Nukupuu,Fringillidae (Finches and Hawaiian honeycreepers),CR (PE),,
,Hemignathus lucidus,Oahu Nukupuu,Fringillidae (Finches and Hawaiian honeycreepers),EX,,
,Hemignathus affinis,Maui Nukupuu,Fringillidae (Finches and Hawaiian honeycreepers),CR (PE),,
,Hemignathus wilsoni,Akiapolaau,Fringillidae (Finches and Hawaiian honeycreepers),EN,,
,Pseudonestor xanthophrys,Maui Parrotbill,Fringillidae (Finches and Hawaiian honeycreepers),CR,,
,Magumma parva,Anianiau,Fringillidae (Finches and Hawaiian honeycreepers),VU,,
,Manucerthia mana,Hawaii Creeper,Fringillidae (Finches and Hawaiian honeycreepers),EN,,
,Loxops caeruleirostris,Akekee,Fringillidae (Finches and Hawaiian honeycreepers),CR,,
,Loxops wolstenholmei,Oahu Akepa,Fringillidae (Finches and Hawaiian honeycreepers),EX,,
,Loxops ochraceus,Maui Akepa,Fringillidae (Finches and Hawaiian honeycreepers),CR (PE),,
,Loxops coccineus,Hawaii Akepa,Fringillidae (Finches and Hawaiian honeycreepers),EN,,
,Chlorodrepanis stejnegeri,Kauai Amakihi,Fringillidae (Finches and Hawaiian honeycreepers),VU,,
,Chlorodrepanis flava,Oahu Amakihi,Fringillidae (Finches and Hawaiian honeycreepers),VU,,
,Drepanis funerea,Black Mamo,Fringillidae (Finches and Hawaiian honeycreepers),EX,,
,Drepanis pacifica,Hawaii Mamo,Fringillidae (Finches and Hawaiian honeycreepers),EX,,
,Drepanis coccinea,Iiwi,Fringillidae (Finches and Hawaiian honeycreepers),VU,,
,Himatione fraithii,Laysan Honeycreeper,Fringillidae (Finches and Hawaiian honeycreepers),EX,,
,Palmeria dolei,Akohekohe,Fringillidae (Finches and Hawaiian honeycreepers),CR,,
,Ciridops anna,Ula-ai-hawane,Fringillidae (Finches and Hawaiian honeycreepers),EX,,
,Carpodacus ferreorostris,Bonin Grosbeak,Fringillidae (Finches and Hawaiian honeycreepers),EX,,
,Pyrrhula murina,Azores Bullfinch,Fringillidae (Finches and Hawaiian honeycreepers),VU,,
,Haemorhous cassinii,Cassin's Finch,Fringillidae (Finches and Hawaiian honeycreepers),LC,,
,Crithagra concolor,Sao Tome Grosbeak,Fringillidae (Finches and Hawaiian honeycreepers),CR,,
,Crithagra leucoptera,Protea Canary,Fringillidae (Finches and Hawaiian honeycreepers),NT,,
,Loxia megaplaga,Hispaniolan Crossbill,Fringillidae (Finches and Hawaiian honeycreepers),EN,,
,Calcarius ornatus,Chestnut-collared Longspur,Calcariidae (Longspurs),VU,,
,Plectrophenax hyperboreus,McKay's Bunting,Calcariidae (Longspurs),LC,,
,Emberiza jankowskii,Jankowski's Bunting,"Emberizidae (Buntings, American sparrows and allies)",EN,,
,Emberiza socotrana,Socotra Bunting,"Emberizidae (Buntings, American sparrows and allies)",NT,,
,Spizella wortheni,Worthen's Sparrow,Passerellidae (New World sparrows),EN,,
,Pipilo socorroensis,Socorro Towhee,Passerellidae (New World sparrows),EN,,
,Pipilo naufragus,Bermuda Towhee,Passerellidae (New World sparrows),EX,,
,Atlapetes blancae,Antioquia Brush-finch,Passerellidae (New World sparrows),CR,,
,Atlapetes pallidiceps,Pale-headed Brush-finch,Passerellidae (New World sparrows),EN,,
,Melozone cabanisi,Costa Rican Ground-sparrow,Passerellidae (New World sparrows),NT,,
,Junco insularis,Guadalupe Junco,Passerellidae (New World sparrows),EN,,
,Ammospiza caudacuta,Saltmarsh Sparrow,Passerellidae (New World sparrows),EN,,
,Passerculus sanctorum,San Benito Sparrow,Passerellidae (New World sparrows),NT,,
,Xenospiza baileyi,Sierra Madre Sparrow,Passerellidae (New World sparrows),EN,,
,Icterus northropi,Bahama Oriole,Icteridae (New World blackbirds),CR,,
,Icterus bonana,Martinique Oriole,Icteridae (New World blackbirds),VU,,
,Icterus oberi,Montserrat Oriole,Icteridae (New World blackbirds),VU,,
,Icterus laudabilis,St Lucia Oriole,Icteridae (New World blackbirds),EN,,
,Nesopsar nigerrimus,Jamaican Blackbird,Icteridae (New World blackbirds),EN,,
,Agelaius xanthomus,Yellow-shouldered Blackbird,Icteridae (New World blackbirds),EN,,
,Agelaius tricolor,Tricolored Blackbird,Icteridae (New World blackbirds),EN,,
,Hypopyrrhus pyrohypogaster,Red-bellied Grackle,Icteridae (New World blackbirds),VU,,
,Anumara forbesi,Forbes's Blackbird,Icteridae (New World blackbirds),VU,,
,Xanthopsar flavus,Saffron-cowled Blackbird,Icteridae (New World blackbirds),EN,,
,Vermivora chrysoptera,Golden-winged Warbler,Parulidae (New World warblers),NT,,
,Leiothlypis crissalis,Colima Warbler,Parulidae (New World warblers),LC,,
,Leucopeza semperi,Semper's Warbler,Parulidae (New World warblers),CR,,
,Setophaga kirtlandii,Kirtland's Warbler,Parulidae (New World warblers),NT,,
,Setophaga cerulea,Cerulean Warbler,Parulidae (New World warblers),NT,,
,Setophaga graysoni,Socorro Parula,Parulidae (New World warblers),NT,,
,Setophaga flavescens,Bahama Warbler,Parulidae (New World warblers),EN,,
,Setophaga subita,Barbuda Warbler,Parulidae (New World warblers),VU,,
,Setophaga chrysoparia,Golden-cheeked Warbler,Parulidae (New World warblers),EN,,
,Cardellina versicolor,Pink-headed Warbler,Parulidae (New World warblers),LC,,
,Xenoligea montana,White-winged Warbler,Phaenicophilidae (Hispaniolan tanagers),VU,,
,Granatellus francescae,Tres Marias Chat,"Cardinalidae (Grosbeaks, saltators and allies)",NT,,
,Passerina ciris,Painted Bunting,"Cardinalidae (Grosbeaks, saltators and allies)",LC,,
,Coryphaspiza melanotis,Black-masked Finch,Thraupidae (Tanagers),VU,,
,Pyrrhulagra taylori,Grand Cayman Bullfinch,Thraupidae (Tanagers),NT,,
,Melanospiza richardsoni,St Lucia Black Finch,Thraupidae (Tanagers),EN,,
,Certhidea olivacea,Green Warbler-finch,Thraupidae (Tanagers),VU,,
,Pinaroloxias inornata,Cocos Finch,Thraupidae (Tanagers),VU,,
,Geospiza psittacula,Large Tree-finch,Thraupidae (Tanagers),VU,,
,Geospiza pauper,Medium Tree-finch,Thraupidae (Tanagers),CR,,
,Geospiza heliobates,Mangrove Finch,Thraupidae (Tanagers),CR,,
,Geospiza pallida,Woodpecker Finch,Thraupidae (Tanagers),VU,,
,Geospiza septentrionalis,Vampire Ground-finch,Thraupidae (Tanagers),VU,,
,Geospiza acutirostris,Genovesa Ground-finch,Thraupidae (Tanagers),VU,,
,Geospiza conirostris,Espanola Cactus-finch,Thraupidae (Tanagers),VU,,
,Geospiza propinqua,Genovesa Cactus-finch,Thraupidae (Tanagers),VU,,
,Sporophila cinnamomea,Chestnut Seedeater,Thraupidae (Tanagers),VU,,
,Sporophila palustris,Marsh Seedeater,Thraupidae (Tanagers),EN,,
,Sporophila melanogaster,Black-bellied Seedeater,Thraupidae (Tanagers),NT,,
,Microspingus cinereus,Cinereous Warbling-finch,Thraupidae (Tanagers),LC,,
,Nesospiza acunhae,Inaccessible Finch,Thraupidae (Tanagers),VU,,
,Nesospiza questi,Nightingale Finch,Thraupidae (Tanagers),VU,,
,Nesospiza wilkinsi,Wilkins's Finch,Thraupidae (Tanagers),EN,,
,Rowettia goughensis,Gough Finch,Thraupidae (Tanagers),CR,,
,Gubernatrix cristata,Yellow Cardinal,Thraupidae (Tanagers),EN,,